Fecha,i,j,Ng,B01,B02,B03,B04,B05,B06,B07,B08,B8A,B09,B11,B12,H,S,L
2020-04-03,265,387,1,1586,1663,2216,1488,1395,1188,1213,1195,1184,1956,1250,1243,134.42308,19.65443,18.52
2020-04-03,268,395,1,1623,1614,2207,1524,1473,1226,1241,1215,1207,1900,1284,1295,127.9063,18.30608,18.655
2020-04-03,271,390,1,1444,1637,2211,1434,1335,1159,1174,1182,1128,1284,1176,1179,135.67568,21.31687,18.225
2020-04-03,272,396,1,1545,1629,2231,1459,1358,1180,1201,1165,1174,1596,1217,1206,133.21244,20.92141,18.45
2020-04-03,273,386,1,1434,1593,2179,1388,1295,1144,1164,1134,1134,1204,1160,1145,135.54994,22.1755,17.835
2020-04-03,274,415,1,1563,1486,2118,1540,1481,1173,1198,1204,1163,1610,1216,1194,114.87342,17.53607,18.02
2020-04-03,275,380,1,1415,1608,2190,1388,1287,1128,1133,1145,1098,1157,1139,1127,136.45885,22.41476,17.89
2020-04-03,277,387,1,1420,1597,2183,1387,1306,1142,1162,1139,1123,1192,1150,1142,135.82915,22.29692,17.85
2020-04-03,277,393,1,1456,1597,2198,1404,1305,1144,1166,1139,1143,1345,1158,1156,134.58438,22.04331,18.01
2020-04-03,277,410,1,1478,1536,2100,1377,1294,1148,1147,1161,1118,1555,1181,1171,133.19502,20.79379,17.385
2020-04-03,277,423,1,1461,1534,2133,1372,1316,1161,1159,1151,1140,1321,1162,1155,132.77267,21.71184,17.525
2020-04-03,281,417,1,1346,1508,2121,1357,1284,1137,1146,1125,1113,1190,1146,1146,131.85864,21.96665,17.39
2020-04-03,282,390,1,1394,1542,2152,1392,1301,1137,1146,1141,1102,1192,1146,1131,131.84211,21.4447,17.72
2020-04-03,283,383,1,1386,1523,2137,1373,1292,1122,1136,1126,1101,1142,1134,1120,131.7801,21.76638,17.55
2020-04-03,283,427,1,1389,1540,2144,1382,1277,1146,1147,1139,1117,1196,1156,1145,132.44094,21.61089,17.63
2020-04-03,284,408,1,1369,1440,2077,1324,1270,1128,1135,1113,1123,1334,1154,1157,129.24303,22.14055,17.005
2020-04-03,285,421,1,1361,1490,2110,1350,1285,1138,1148,1126,1115,1174,1149,1128,131.05263,21.96532,17.3
2020-04-03,287,384,1,1373,1514,2142,1375,1278,1106,1125,1119,1100,1142,1120,1110,130.87353,21.80836,17.585
2020-04-03,288,391,1,1379,1553,2170,1384,1278,1123,1125,1103,1083,1180,1125,1114,132.90076,22.11593,17.77
2020-04-03,290,412,1,1344,1475,2063,1326,1248,1110,1119,1104,1109,1169,1119,1123,132.13026,21.74683,16.945
2020-04-03,290,421,1,1358,1517,2083,1361,1278,1134,1128,1127,1112,1154,1138,1129,132.96399,20.964,17.22
2020-04-03,291,398,1,1374,1491,2079,1318,1287,1134,1147,1121,1132,1273,1152,1161,133.63995,22.40212,16.985
2020-04-03,291,406,1,1357,1453,2035,1328,1257,1115,1112,1088,1093,1244,1128,1115,130.6082,21.0229,16.815
2020-04-03,292,392,1,1365,1527,2137,1353,1261,1109,1110,1119,1078,1148,1117,1109,133.31633,22.46418,17.45
2020-04-03,293,385,1,1371,1554,2125,1341,1262,1092,1112,1090,1078,1120,1113,1100,136.30102,22.61973,17.33
2020-04-03,295,419,1,1360,1501,2081,1341,1258,1110,1129,1124,1088,1142,1119,1112,132.97297,21.62478,17.11
2020-04-03,297,388,1,1365,1518,2128,1327,1244,1097,1106,1093,1090,1124,1101,1099,134.30712,23.18379,17.275
2020-04-03,298,409,1,1351,1463,2100,1317,1248,1095,1110,1093,1087,1125,1100,1097,131.18774,22.91484,17.085
2020-04-03,299,394,1,1358,1509,2095,1328,1251,1096,1104,1117,1075,1133,1099,1109,134.15906,22.40725,17.115
2020-04-03,299,401,1,1342,1477,2113,1324,1260,1096,1108,1097,1087,1136,1108,1108,131.63498,22.95607,17.185
2020-04-03,267,358,2,1916,2096,2640,1982,1792,1218,1224,1226,1149,1555,1189,1174,130.39514,14.23626,23.11
2020-04-03,275,355,2,1905,2042,2623,1917,1758,1198,1212,1155,1135,1212,1143,1132,130.62323,15.55066,22.7
2020-04-03,278,458,2,1930,2121,2708,2185,2050,1324,1350,1322,1202,1941,1289,1250,113.45826,12.15573,24.145
2020-04-03,282,351,2,1827,1791,2419,1634,1592,1173,1175,1133,1117,1187,1126,1116,132.0,19.36837,20.265
2020-04-03,286,454,2,1658,1856,2448,1682,1507,1159,1181,1151,1139,1220,1164,1168,133.62924,18.54722,20.65
2020-04-03,292,347,2,2023,2261,2656,1933,1702,1230,1248,1186,1151,1299,1126,1111,147.21992,15.75507,22.945
2020-04-03,297,459,2,1752,2059,2610,1842,1633,1161,1178,1171,1132,1195,1160,1153,136.95312,17.25067,22.26
2020-04-03,298,354,2,1607,1807,2415,1595,1469,1100,1120,1099,1072,1102,1092,1083,135.5122,20.44888,20.05
2020-04-03,305,355,2,1555,1815,2404,1582,1438,1098,1116,1071,1066,1092,1081,1080,137.0073,20.62218,19.93
2020-04-03,306,458,2,1759,1948,2557,1805,1586,1151,1160,1155,1116,1184,1138,1132,131.40957,17.2398,21.81
2020-04-03,307,349,2,1861,2002,2579,1896,1741,1173,1178,1133,1100,1135,1106,1082,129.31186,15.26257,22.375
2020-04-03,309,353,2,1618,1802,2467,1620,1483,1106,1117,1080,1068,1100,1093,1077,132.89256,20.72425,20.435
2020-04-03,313,346,2,2003,2077,2647,1981,1806,1185,1180,1146,1100,1167,1096,1076,128.64865,14.39067,23.14
2020-04-03,314,453,2,1670,1902,2489,1671,1499,1122,1131,1130,1096,1167,1132,1112,136.94377,19.66346,20.8
2020-04-03,315,354,2,1590,1812,2424,1597,1454,1100,1101,1085,1080,1085,1085,1061,135.59855,20.56702,20.105
2020-04-03,318,348,2,1919,2042,2592,1962,1779,1186,1191,1189,1103,1130,1087,1081,127.61905,13.83399,22.77
2020-04-03,323,447,2,1690,1973,2496,1686,1520,1137,1158,1135,1105,1144,1115,1115,141.25926,19.36872,20.91
2020-04-03,324,352,2,1973,2256,2675,2003,1795,1197,1190,1172,1093,1137,1078,1065,142.58929,14.36511,23.39
2020-04-03,332,354,2,2196,2419,2811,2392,2147,1371,1384,1322,1163,1127,1064,1049,123.86635,8.05305,26.015
2020-04-03,332,440,2,1627,1779,2375,1576,1443,1102,1120,1118,1082,1098,1096,1081,135.24406,20.22273,19.755
2020-04-03,338,435,2,1622,1848,2415,1622,1455,1105,1103,1097,1080,1067,1078,1065,137.09962,19.6433,20.185
2020-04-03,341,366,2,1975,2186,2627,2095,1897,1218,1241,1175,1096,1077,1057,1045,130.26316,11.26641,23.61
2020-04-03,341,402,2,1637,1867,2430,1622,1456,1086,1090,1073,1044,1073,1064,1058,138.19307,19.94077,20.26
2020-04-03,341,410,2,1659,1939,2540,1679,1513,1096,1104,1098,1060,1083,1066,1059,138.11847,20.40768,21.095
2020-04-03,342,425,2,1595,1823,2430,1580,1443,1102,1102,1107,1062,1061,1069,1052,137.15294,21.19701,20.05
2020-04-03,344,391,2,1641,1863,2417,1651,1481,1088,1094,1090,1057,1054,1053,1047,136.60574,18.82989,20.34
2020-04-03,344,417,2,1749,1959,2564,1717,1546,1097,1120,1112,1058,1080,1062,1056,137.14286,19.7851,21.405
2020-04-03,346,373,2,1941,2153,2675,2113,1923,1211,1227,1186,1089,1089,1062,1053,124.27046,11.73768,23.94
2020-04-03,349,424,2,1974,2178,2645,2116,1974,1255,1258,1195,1109,1135,1060,1058,127.03214,11.11111,23.805
2020-04-03,351,379,2,1987,2213,2701,2108,1893,1212,1221,1178,1096,1083,1060,1049,130.62395,12.33105,24.045
2020-04-03,105,666,3,2274,2491,3098,3730,3762,3828,3934,4079,4028,4095,4930,4718,29.39467,19.91641,31.105
2020-04-03,107,647,3,2299,2504,3119,3814,3863,3984,4053,4168,4153,4217,5088,4837,28.16794,20.73441,31.59
2020-04-03,111,627,3,2320,2520,3163,3873,3965,4069,4208,4318,4286,4417,5279,4984,28.51441,21.16377,31.965
2020-04-03,119,639,3,2292,2504,3087,3741,3820,3933,4049,4138,4136,4221,5156,4883,28.27809,19.80785,31.225
2020-04-03,121,657,3,2288,2541,3148,3796,3805,3901,4009,4185,4066,4112,5043,4814,29.01992,19.80432,31.685
2020-04-03,124,619,3,2286,2506,3135,3782,3843,3939,4051,4236,4204,4304,5339,5129,29.5768,20.29262,31.44
2020-04-03,135,630,3,2271,2583,3154,3866,3899,3995,4109,4349,4249,4239,5315,5051,26.70304,19.89456,32.245
2020-04-03,138,607,3,2307,2526,3154,3841,3900,3980,4095,4257,4256,4350,5442,5189,28.65399,20.65337,31.835
2020-04-03,138,648,3,2312,2495,3065,3673,3763,3847,3941,4025,4053,4168,5081,4821,29.03226,19.09857,30.84
2020-04-03,152,590,3,2309,2629,3277,3928,3943,4052,4174,4349,4294,4339,5407,5091,29.93072,19.81089,32.785
2020-04-03,152,618,3,2311,2522,3102,3798,3861,3948,4090,4241,4269,4342,5444,5214,27.27273,20.18987,31.6
2020-04-03,152,642,3,2258,2456,3036,3636,3669,3758,3869,4030,3973,4095,5073,4847,29.49153,19.36967,30.46
2020-04-03,165,605,3,2333,2581,3150,3759,3825,3904,4041,4175,4145,4248,5261,4968,28.98132,18.58044,31.7
2020-04-03,168,627,3,2320,2533,3082,3686,3759,3811,3959,4142,4129,4262,5267,5061,28.56895,18.53996,31.095
2020-04-03,169,568,3,2317,2706,3325,3969,4003,4069,4219,4389,4304,4243,5286,4992,29.40618,18.92135,33.375
2020-04-03,175,612,3,2353,2629,3189,3793,3843,3922,4041,4178,4169,4253,5221,4976,28.86598,18.12519,32.11
2020-04-03,181,585,3,2305,2550,3124,3689,3779,3856,3977,4067,4095,4165,5140,4887,30.23705,18.25613,31.195
2020-04-03,186,568,3,2355,2605,3227,3848,3890,3954,4090,4318,4188,4246,5208,4904,30.02414,19.26236,32.265
2020-04-03,164,876,4,4222,4938,5614,6149,6144,6112,6066,6127,5999,7429,6314,5697,33.49298,13.5869,55.435
2020-04-03,167,863,4,4337,5326,5938,6295,6199,6153,6083,6216,6045,7568,6440,5815,37.89474,11.56463,58.105
2020-04-03,168,802,4,4507,5004,5605,6085,6188,6147,6119,6084,6044,7703,6497,5843,33.358,12.13107,55.445
2020-04-03,174,791,4,4423,5278,5942,6318,6310,6234,6192,6338,6137,7518,6494,5910,38.30769,12.37506,57.98
2020-04-03,174,812,4,4771,5714,6213,6532,6444,6371,6354,6587,6275,7880,6833,6245,36.60147,10.54939,61.23
2020-04-03,176,935,4,4493,5271,5824,6277,6304,6250,6199,6221,6142,7577,6475,5858,32.98211,11.90251,57.74
2020-04-03,177,846,4,4792,5863,6528,6609,6559,6470,6413,6512,6412,7896,6973,6341,53.48525,9.90967,62.36
2020-04-03,177,943,4,4629,5383,5946,6363,6344,6283,6238,6310,6174,7714,6574,5988,34.46939,11.87303,58.73
2020-04-03,181,829,4,4789,5433,5946,6249,6261,6204,6166,6333,6084,7812,6631,6055,37.72059,9.81005,58.41
2020-04-03,183,928,4,4641,5403,5920,6331,6396,6341,6312,6263,6229,7671,6605,5978,33.42672,11.22671,58.67
2020-04-03,185,950,4,4619,5302,5876,6363,6331,6284,6247,6366,6153,7785,6579,5926,32.45994,12.72945,58.325
2020-04-03,187,822,4,4625,5212,5846,6254,6216,6157,6113,6202,6046,7674,6378,5773,36.50672,12.20998,57.33
2020-04-03,188,789,4,4558,5486,6113,6559,6496,6468,6418,6554,6341,7768,6733,6054,35.06058,13.48837,60.225
2020-04-03,189,809,4,4673,5221,5780,6003,6088,5991,5988,6047,5922,7768,6416,5815,42.89003,8.91067,56.12
2020-04-03,190,911,4,4448,5177,5767,6190,6163,6083,6043,6150,5990,7465,6354,5767,34.94571,11.73404,56.835
2020-04-03,190,939,4,4654,5205,5789,6213,6286,6208,6152,6188,6089,7760,6533,5872,34.7619,11.74551,57.09
2020-04-03,191,899,4,4403,4931,5507,5926,6012,5953,5927,5943,5828,7480,6255,5675,34.73367,10.88264,54.285
2020-04-03,198,799,4,4672,5378,5990,6431,6376,6326,6263,6418,6181,7802,6590,5933,34.87179,12.85557,59.045
2020-04-03,199,949,4,4669,5370,5977,6472,6462,6398,6319,6404,6273,7846,6643,5992,33.049,13.50821,59.21
2020-04-03,200,913,4,4686,5429,5968,6454,6369,6292,6251,6333,6165,7794,6559,5926,31.55122,12.62782,59.415
2020-04-03,204,899,4,4901,5692,6309,6719,6759,6711,6663,6709,6627,8112,7064,6405,36.04674,13.53274,62.055
2020-04-03,206,883,4,4691,5517,6091,6495,6422,6353,6309,6437,6212,7888,6563,5926,35.21472,12.24337,60.06
2020-04-03,207,809,4,4787,5446,5981,6400,6412,6331,6289,6338,6205,7808,6559,5930,33.6478,11.69978,59.23
2020-04-03,209,790,4,4663,5464,6082,6532,6487,6434,6378,6535,6309,7754,6586,5872,34.7191,13.34333,59.98
2020-04-03,209,818,4,4721,5306,5916,6304,6340,6308,6254,6282,6172,7789,6559,5894,36.67335,11.89511,58.05
2020-04-03,212,866,4,4671,5517,6073,6577,6548,6492,6426,6498,6346,7910,6633,5971,31.4717,13.40754,60.47
2020-04-03,212,944,4,4632,5495,6073,6527,6508,6428,6399,6521,6318,7785,6726,6025,33.60465,12.93557,60.11
2020-04-03,213,908,4,4906,5740,6283,6673,6631,6553,6500,6634,6397,8053,6760,6094,34.91961,12.29735,62.065
2020-04-03,215,885,4,4816,5609,6253,6728,6670,6595,6547,6634,6503,8080,6771,6115,34.53083,14.60264,61.685
2020-04-03,323,713,5,3125,3300,3546,3632,3636,3603,3541,3487,3458,4282,3661,2857,44.45783,4.78938,34.66
2020-04-03,325,722,5,3151,3399,3671,3755,3707,3644,3599,3621,3506,4313,3712,2967,45.8427,4.97624,35.77
2020-04-03,333,712,5,3100,3274,3509,3572,3606,3566,3498,3475,3437,4276,3694,2931,47.31544,4.35291,34.23
2020-04-03,334,694,5,3158,3311,3592,3670,3686,3635,3615,3581,3527,4330,3757,2961,46.96379,5.14253,34.905
2020-04-03,335,703,5,3130,3427,3638,3705,3690,3596,3564,3579,3482,4312,3733,2897,45.53957,3.89792,35.66
2020-04-03,342,714,5,3340,3546,3828,3969,4036,3997,3889,3893,3808,4625,4067,3256,40.0,5.62874,37.575
2020-04-03,348,681,5,3073,3142,3485,3595,3614,3546,3507,3471,3416,4275,3784,2938,45.43046,6.72406,33.685
2020-04-03,348,699,5,3143,3083,3364,3497,3542,3485,3447,3407,3377,4378,3835,3040,40.72464,6.29179,32.9
2020-04-03,351,730,5,3237,3427,3673,3730,3724,3632,3586,3607,3513,4509,3888,3024,48.71287,4.23362,35.785
2020-04-03,355,698,5,3230,3506,3732,3812,3802,3755,3683,3663,3608,4396,4003,3107,44.31373,4.18147,36.59
2020-04-03,358,681,5,3217,3416,3736,3825,3796,3710,3676,3668,3580,4413,3970,3042,46.94377,5.64839,36.205
2020-04-03,362,746,5,3343,3793,4073,4162,4066,4003,3944,4037,3848,4610,3946,2979,45.52846,4.63859,39.775
2020-04-03,368,668,5,3126,3410,3664,3743,3704,3670,3600,3565,3517,4468,3780,2757,45.76577,4.65539,35.765
2020-04-03,369,714,5,3336,3706,3931,4033,3958,3867,3837,3870,3779,4576,3882,2908,41.2844,4.22535,38.695
2020-04-03,372,701,5,3338,3440,3780,3894,3917,3875,3809,3778,3727,4604,3887,2838,44.93392,6.19035,36.67
2020-04-03,372,731,5,3369,3574,3844,3891,3862,3802,3771,3741,3697,4618,3926,2946,51.1041,4.24648,37.325
2020-04-03,374,687,5,3242,3293,3756,3969,3871,3794,3758,3811,3679,4559,3783,2672,41.09467,9.30873,36.31
2020-04-03,380,675,5,3053,3449,3885,4062,4053,4002,3931,4008,3842,4606,3777,2568,42.67537,8.16136,37.555
2020-04-03,380,707,5,3331,3550,3855,3939,3908,3852,3811,3830,3702,4621,3874,2783,47.0437,5.19428,37.445
2020-04-03,380,761,5,3113,3456,3817,3926,3858,3802,3757,3825,3672,4478,3906,3001,46.08511,6.36684,36.91
2020-04-03,386,726,5,3518,3929,4198,4263,4297,4230,4152,4131,4027,4919,4021,2812,48.32335,4.07715,40.96
2020-04-03,388,711,5,3391,3708,4027,4083,4079,4005,3949,3957,3834,4774,3901,2722,51.04,4.81325,38.955
2020-04-03,393,670,5,2817,3024,3577,3805,3910,3843,3787,3788,3659,4472,3510,2329,42.48399,11.43652,34.145
2020-04-03,394,701,5,3184,3403,3763,3962,4014,3952,3859,3825,3812,4783,3815,2716,38.64043,7.58995,36.825
2020-04-03,394,739,5,3398,3815,4115,4304,4318,4234,4181,4182,4097,4970,4004,2835,36.80982,6.02291,40.595
2020-04-03,397,690,5,2947,3239,3769,4067,4094,4026,3970,3980,3873,4597,3630,2362,38.4058,11.33315,36.53
2020-04-03,398,759,5,3234,3706,4051,4244,4166,4077,4011,4117,3921,4685,4090,3026,38.47584,6.7673,39.75
2020-04-03,400,716,5,3123,3440,3815,4014,4015,3988,3952,3917,3839,4765,3777,2700,39.19861,7.70056,37.27
2020-04-03,407,680,5,2810,3068,3413,3470,3524,3443,3403,3337,3315,4135,3115,2097,51.49254,6.14867,32.69
2020-04-03,410,698,5,2828,3111,3627,3766,3942,3894,3840,3797,3728,4538,3156,2156,47.26718,9.5245,34.385
2020-04-03,414,735,5,3153,3480,3955,4172,4218,4155,4086,4100,3986,4852,3794,2553,41.18497,9.04339,38.26
2020-04-03,414,746,5,3282,3366,3723,3891,3933,3849,3803,3760,3720,4777,3896,2857,40.8,7.23439,36.285
2020-04-03,415,716,5,2883,3136,3704,3844,4031,4003,3944,3945,3815,4650,3320,2240,48.13559,10.14327,34.9
2020-04-03,418,701,5,2839,3166,3717,3818,4027,3976,3929,3908,3794,4609,3163,2136,50.70552,9.33562,34.92
2020-04-03,419,683,5,2779,3044,3618,3759,3975,3918,3858,3886,3747,4498,2903,1995,48.16783,10.51007,34.015
2020-04-03,431,736,5,3005,3274,3686,3859,3895,3862,3785,3783,3690,4591,3674,2496,42.25641,8.20132,35.665
2020-04-03,434,700,5,2918,3204,3664,3816,3859,3780,3745,3755,3653,4516,3579,2422,45.09804,8.71795,35.1
2020-04-03,434,717,5,2981,3245,3642,3828,3869,3808,3740,3750,3647,4541,3659,2510,40.85763,8.24261,35.365
2020-04-03,434,766,5,3332,3451,3721,3830,3913,3844,3796,3708,3699,4673,3897,2939,42.74406,5.20533,36.405
2020-04-03,438,749,5,3274,3688,3968,4053,4003,3938,3876,3908,3799,4664,3883,2661,46.0274,4.71515,38.705
2020-04-03,439,685,5,2935,3039,3524,3684,3761,3680,3634,3579,3542,4451,3635,2501,45.11628,9.59393,33.615
2020-04-03,441,733,5,3290,3653,3907,3953,3900,3821,3765,3790,3701,4618,3669,2448,50.8,3.94425,38.03
2020-04-03,443,714,5,3232,3605,3918,3994,3979,3901,3832,3868,3763,4612,3844,2730,48.27763,5.11909,37.995
2020-04-03,451,767,5,3302,3526,3806,3864,3867,3810,3740,3731,3668,4658,3755,2573,49.70414,4.57375,36.95
2020-04-03,452,699,5,3318,3440,3684,3718,3760,3688,3642,3579,3554,4575,3858,2986,52.66187,3.88377,35.79
2020-04-03,458,746,5,3345,3572,3780,3859,3820,3766,3713,3689,3650,4628,3861,3020,43.48432,3.8622,37.155
2020-04-03,461,716,5,3250,3447,3704,3823,3731,3680,3638,3717,3553,4444,3824,3004,41.01064,5.17194,36.35
2020-04-03,372,404,6,2378,2528,2848,3051,3025,2941,2888,2921,2825,3024,1803,1305,36.71128,9.37444,27.895
2020-04-03,376,408,6,2382,2570,2896,3055,3011,2953,2901,2848,2809,3064,1597,1199,40.3299,8.62222,28.125
2020-04-03,379,399,6,2366,2484,2804,3019,2986,2922,2874,2867,2785,3030,1777,1320,35.88785,9.72197,27.515
2020-04-03,387,401,6,2366,2474,2793,2998,2943,2888,2841,2837,2754,3045,1574,1232,36.52672,9.57602,27.36
2020-04-03,389,409,6,2384,2522,2859,2985,2945,2911,2853,2848,2773,3049,1540,1181,43.67171,8.40748,27.535
2020-04-03,398,399,6,2368,2414,2723,2873,2898,2842,2798,2708,2705,3043,1543,1204,40.39216,8.68167,26.435
2020-04-03,400,409,6,2377,2493,2745,2834,2830,2757,2730,2705,2654,3032,1776,1301,44.34018,6.40135,26.635
2020-04-03,408,392,6,2346,2460,2747,2875,2865,2797,2762,2759,2689,2996,1655,1271,41.49398,7.77882,26.675
2020-04-03,409,402,6,2378,2509,2859,2991,2925,2903,2834,2844,2762,3043,1665,1238,43.56846,8.76364,27.5
2020-04-03,415,386,6,2360,2421,2750,2882,2811,2760,2731,2731,2656,3013,1870,1400,42.81996,8.69319,26.515
2020-04-03,419,396,6,2366,2478,2809,2950,2931,2878,2833,2844,2784,3073,1816,1329,42.07627,8.69565,27.14
2020-04-03,420,390,6,2334,2423,2704,2814,2825,2777,2722,2689,2659,3035,1750,1292,43.1202,7.46611,26.185
2020-04-03,421,402,6,2423,2550,2780,2830,2795,2727,2683,2701,2613,3031,1870,1367,49.28571,5.20446,26.9
2020-04-03,422,384,6,2332,2406,2677,2784,2805,2722,2714,2682,2650,3020,1686,1277,43.01587,7.28324,25.95
2020-04-03,431,386,6,2359,2467,2743,2830,2844,2769,2742,2691,2660,3040,1820,1335,45.61983,6.85294,26.485
2020-04-03,431,394,6,2422,2509,2754,2855,2829,2790,2738,2691,2670,3087,1816,1361,42.48555,6.45041,26.82
2020-04-03,435,377,6,2362,2454,2743,2878,2849,2797,2765,2740,2700,3074,1752,1288,40.89623,7.95199,26.66
2020-04-03,438,376,6,2372,2482,2761,2905,2871,2809,2786,2780,2720,3094,1833,1316,39.57447,7.85224,26.935
2020-04-03,439,459,6,2590,2723,3017,3153,3128,3072,3044,3001,2953,3393,1878,1429,41.02326,7.3179,29.38
2020-04-03,441,379,6,2397,2506,2798,2837,2828,2774,2752,2747,2667,3124,1933,1396,52.93051,6.19502,26.715
2020-04-03,441,388,6,2494,2581,2896,2982,2942,2902,2857,2855,2801,3228,1725,1263,47.13217,7.20834,27.815
2020-04-03,441,453,6,2517,2495,2960,2941,3084,3022,2984,2935,2921,3398,2090,1571,62.45161,8.52429,27.275
2020-04-03,442,460,6,2535,2702,3041,3151,3142,3060,3031,3015,2953,3373,1827,1362,45.30067,7.67128,29.265
2020-04-03,443,446,6,2522,2655,3025,3083,3185,3156,3077,3069,3023,3540,2944,2209,51.86916,7.45904,28.69
2020-04-03,445,451,6,2497,2596,2940,3060,3102,3039,2994,2982,2928,3451,2323,1728,44.48276,8.20368,28.28
2020-04-03,445,462,6,2524,2660,2988,3133,3123,3064,3020,3001,2944,3353,1808,1329,41.60677,8.16503,28.965
2020-04-03,446,371,6,2392,2438,2723,2837,2834,2776,2753,2738,2693,3139,1899,1367,42.85714,7.56398,26.375
2020-04-03,448,449,6,2591,2691,3117,3149,3211,3170,3119,3107,3019,3600,3097,2380,55.80786,7.84247,29.2
2020-04-03,449,379,6,2469,2552,2811,2925,2936,2855,2842,2841,2792,3226,1761,1284,41.6622,6.8103,27.385
2020-04-03,450,364,6,2414,2456,2756,2866,2852,2789,2764,2747,2700,3174,1881,1356,43.90244,7.70387,26.61
2020-04-03,451,369,6,2449,2579,2866,2978,2910,2852,2830,2809,2747,3225,1794,1307,43.15789,7.18013,27.785
2020-04-03,453,462,6,2453,2653,2966,3085,3077,2998,3002,2985,2932,3293,1883,1417,43.47222,7.52876,28.69
2020-04-03,454,451,6,2631,2666,3032,3089,3170,3117,3075,3053,2986,3657,2953,2296,51.91489,7.35013,28.775
2020-04-03,459,454,6,2647,2691,3023,3099,3140,3085,3044,3036,2955,3659,2756,2080,48.82353,7.04663,28.95
2020-04-03,459,463,6,2506,2653,2986,3114,3115,3039,3005,3022,2965,3392,2099,1514,43.34056,7.99376,28.835
2020-04-03,464,462,6,2490,2710,3047,3130,3133,3072,3024,3029,2954,3444,2267,1648,48.14286,7.19178,29.2
2020-04-03,465,457,6,2555,2649,2999,3010,3110,3078,3021,2964,2942,3547,2775,2122,58.17175,6.37922,28.295
2020-04-03,466,468,6,2624,2691,3028,3128,3124,3069,3035,3050,2959,3533,1963,1460,46.27002,7.50988,29.095
2020-04-03,470,461,6,2559,2649,3014,3026,3115,3060,3013,3020,2950,3518,2484,1926,58.09019,6.64317,28.375
2020-04-03,473,473,6,2689,2745,3032,3162,3154,3070,3039,3039,2956,3615,1970,1460,41.29496,7.05942,29.535
2020-04-03,477,463,6,2555,2618,3014,2998,3128,3069,3036,2982,2944,3482,2504,2015,62.42424,7.03125,28.16
2020-04-03,478,475,6,2626,2730,3045,3142,3123,3062,3058,3022,2977,3587,2098,1515,45.87379,7.01635,29.36
2020-04-03,481,466,6,2595,2590,3006,2987,3113,3068,3026,2994,2938,3534,2524,2002,62.74038,7.43388,27.98
2020-04-03,483,482,6,2850,2734,3052,3151,3142,3099,3052,3057,2988,3829,2440,1766,45.7554,7.08581,29.425
2020-04-03,487,470,6,2619,2629,3014,3085,3108,3065,3025,3003,2965,3567,2386,1818,50.65789,7.9804,28.57
2020-04-03,487,482,6,2722,2697,3006,3112,3111,3050,3008,2996,2965,3701,2170,1574,44.6747,7.14409,29.045
2020-04-03,488,467,6,2800,2684,3054,3101,3157,3049,3028,3027,2924,3749,2250,1780,53.23741,7.2083,28.925
2020-04-03,491,473,6,2631,2647,3006,3039,3131,3066,3035,3022,2984,3589,2431,1834,54.94898,6.89413,28.43
2020-04-03,493,476,6,2588,2710,3019,3101,3122,3078,3019,2973,2988,3544,2420,1883,47.41688,6.72862,29.055
2020-04-03,499,489,6,2657,2870,3244,3351,3303,3253,3214,3227,3142,3675,3227,2461,46.65281,7.73188,31.105
2020-04-03,499,499,6,2710,2748,3058,3167,3168,3089,3068,3036,2981,3700,2209,1633,44.39141,7.08369,29.575
2020-04-03,502,478,6,2605,2596,2955,2996,3094,3058,3009,2992,2918,3560,2274,1808,53.85,7.15308,27.96
2020-04-03,507,489,6,2623,2864,3238,3299,3249,3193,3134,3212,3045,3614,2868,2124,51.58621,7.05825,30.815
2020-04-03,512,477,6,2639,2691,3025,3146,3165,3082,3052,2954,2960,3632,2440,1917,44.04396,7.7951,29.185
2020-04-03,512,484,6,2589,2645,3023,3051,3157,3077,3046,3013,2983,3567,2669,2043,55.86207,7.12781,28.48
2020-04-03,520,482,6,2636,2649,3019,3048,3160,3078,3043,3036,2958,3584,2827,2200,55.6391,7.00369,28.485
2020-04-03,18,475,7,2620,3125,4065,5035,4911,5036,5082,5387,5071,5022,5429,4709,29.5288,23.40686,40.8
2020-04-03,34,470,7,2606,2940,3747,4570,4652,4695,4773,4945,4783,4937,5246,4498,29.70552,21.70439,37.55
2020-04-03,46,470,7,2636,3061,3903,4670,4685,4811,4855,4969,4848,4928,5414,4892,31.39838,20.81231,38.655
2020-04-03,57,464,7,2576,2813,3701,4477,4531,4620,4681,4816,4704,4887,5191,4473,32.01923,22.82579,36.45
2020-04-03,72,462,7,2575,2923,3734,4445,4701,4763,4801,4755,4828,4942,5408,4922,31.97109,20.65689,36.84
2020-04-03,73,601,7,2728,3225,4148,5099,5319,5380,5483,5547,5454,5518,5692,5094,29.55176,22.51321,41.62
2020-04-03,81,590,7,2582,3136,4086,5099,4972,5080,5169,5514,5153,5060,5351,4853,29.03719,23.83728,41.175
2020-04-03,86,461,7,2536,2783,3645,4468,4758,4820,4901,4833,4899,4973,5439,4667,30.69436,23.23817,36.255
2020-04-03,89,575,7,2657,3179,4060,5233,5305,5414,5508,5575,5477,5374,5735,5094,25.73515,24.4175,42.06
2020-04-03,97,459,7,2548,3019,3981,4871,4923,5017,5113,5185,5060,4985,5684,5050,31.16631,23.47275,39.45
2020-04-03,98,558,7,2571,3017,3903,4923,4972,5099,5191,5366,5207,5267,5519,4948,27.89087,24.00504,39.7
2020-04-03,107,548,7,2725,3307,4297,5411,5324,5415,5499,5864,5513,5586,5705,5189,28.23194,24.13398,43.59
2020-04-03,108,457,7,2614,2971,3885,4812,4916,5042,5134,5183,5107,5144,5683,5073,29.78816,23.65412,38.915
2020-04-03,115,539,7,2637,3090,3953,4969,4974,5078,5148,5373,5183,5322,5624,5147,27.55721,23.31555,40.295
2020-04-03,121,455,7,2602,2956,3881,4771,4897,5020,5090,5185,5043,5114,5682,5055,30.57851,23.48906,38.635
2020-04-03,127,522,7,2578,3105,3942,4939,4958,5107,5192,5321,5177,5171,5502,4925,27.38277,22.7996,40.22
2020-04-03,133,511,7,2556,3094,3964,4896,4885,5007,5090,5328,5071,4970,5293,4581,28.96781,22.55319,39.95
2020-04-03,136,453,7,2580,2969,3809,4718,4885,4973,5068,5060,5068,5141,5615,5122,28.81647,22.7527,38.435
2020-04-03,141,499,7,2669,3065,3914,4887,4963,5089,5181,5345,5159,5302,5232,4445,27.95829,22.91247,39.76
2020-04-03,147,450,7,2611,2888,3780,4798,5030,5104,5224,5180,5179,5374,5699,5129,28.02094,24.85038,38.43
2020-04-03,151,436,7,2598,3030,3925,4912,5037,5106,5234,5277,5189,5138,5652,5230,28.53348,23.6968,39.71
2020-04-03,154,480,7,2703,3282,4174,5288,5437,5569,5647,5716,5576,5585,5735,5028,26.67996,23.40723,42.85
2020-04-03,158,448,7,2654,3024,3925,4935,5346,5429,5523,5326,5483,5520,5832,5242,28.28885,24.01055,39.795
2020-04-03,166,422,7,2775,3263,4211,5343,5488,5544,5642,5659,5577,5668,5790,5088,27.34615,24.16918,43.03
2020-04-03,168,427,7,2806,3473,4463,5554,5502,5565,5642,5939,5583,5761,5848,5305,28.54397,23.05306,45.135
2020-04-03,169,393,7,2595,3307,4196,5251,5372,5445,5459,5584,5365,5318,5338,4729,27.43827,22.71559,42.79
2020-04-03,174,378,7,2794,3603,4631,5848,5943,6077,6111,6343,6067,6114,5989,5542,27.47439,23.7541,47.255
2020-04-03,175,365,7,2702,3120,4054,4983,5153,5193,5289,5354,5275,5414,5342,4955,30.08052,22.99148,40.515
2020-04-03,176,355,7,2818,3572,4658,5867,6074,6187,6274,6385,6235,5990,6255,5862,28.39216,24.31402,47.195
2020-04-03,178,313,7,2737,3225,4185,5119,5200,5328,5347,5481,5291,5879,5291,4775,30.41183,22.69895,41.72
2020-04-03,178,321,7,2730,3372,4353,5472,5398,5489,5569,5896,5485,5982,5490,4994,28.02857,23.74491,44.22
2020-04-03,178,332,7,2720,3572,4594,5821,5664,5791,5832,6329,5802,5820,5713,5246,27.26545,23.94336,46.965
2020-04-03,807,825,7,2388,2677,3408,4172,4413,4479,4489,4520,4565,4639,4724,4033,29.33779,21.828,34.245
2020-04-03,826,815,7,2402,2833,3585,4541,4668,4728,4825,4894,4820,4809,4950,4147,26.41686,23.16246,36.87
2020-04-03,843,806,7,2596,2934,3697,4491,4622,4737,4791,4790,4762,4841,5036,4225,29.4027,20.9697,37.125
2020-04-03,852,802,7,2438,2776,3546,4372,4377,4488,4590,4701,4542,4604,4795,4011,28.94737,22.32792,35.74
2020-04-03,858,799,7,2378,2756,3537,4434,4393,4503,4575,4826,4569,4552,4794,3937,27.9261,23.33797,35.95
2020-04-03,871,795,7,2365,2675,3345,4229,4296,4388,4517,4405,4486,4565,4711,3907,25.86873,22.50869,34.52
2020-04-03,887,790,7,2486,2962,3973,4787,4846,4948,5036,5448,5018,4879,5150,4347,33.23836,23.55143,38.745
2020-04-03,901,777,7,2446,2798,3601,4529,4628,4814,4857,4945,4857,4930,5074,4470,27.83362,23.62495,36.635
2020-04-03,907,775,7,2502,2811,3640,4532,4654,4700,4785,5011,4749,4959,4963,4423,28.9018,23.43729,36.715
2020-04-03,917,770,7,2431,2772,3480,4443,4366,4434,4537,4800,4487,4718,4747,4177,25.4219,23.16008,36.075
2020-04-03,930,764,7,2396,2642,3386,4267,4509,4588,4707,4581,4687,4833,4970,4353,27.47077,23.52005,34.545
2020-04-03,939,759,7,2791,3576,4340,5327,5060,5184,5227,5561,5232,5466,5518,4970,26.17933,19.66753,44.515
2020-04-03,941,774,7,2382,2590,3314,4108,4203,4321,4421,4464,4444,4576,4848,4296,28.6166,22.66348,33.49
2020-04-03,952,756,7,2438,2745,3520,4452,4514,4571,4669,4776,4657,4719,4962,4382,27.24077,23.71822,35.985
2020-04-03,970,769,7,2315,2712,3452,4472,4404,4554,4633,4877,4638,4585,4898,4278,25.22727,24.49889,35.92
2020-04-03,971,747,7,2460,2785,3625,4696,4883,5037,5134,5086,5121,5079,5395,4701,26.37363,25.54471,37.405
2020-04-03,984,741,7,2392,2748,3546,4333,4490,4570,4652,4842,4643,4882,5109,4499,30.2082,22.38384,35.405
2020-04-03,984,761,7,2320,2680,3413,4283,4423,4494,4621,4633,4606,4591,4948,4494,27.43606,23.02169,34.815
2020-04-03,994,737,7,2595,3140,3835,4698,4756,4796,4838,4835,4760,5166,5200,4581,26.76508,19.87752,39.19
2020-04-03,994,758,7,2330,2818,3531,4661,4769,4962,5055,4938,4940,4651,5165,4670,23.21215,24.64233,37.395
2020-04-03,1008,732,7,2376,2903,3616,4684,4627,4681,4764,4767,4742,4669,5165,4572,24.02021,23.47436,37.935
2021-04-28,268,431,1,1534,1641,2387,1431,1376,1184,1183,1183,1145,1794,1212,1194,133.17992,25.03929,19.09
2021-04-28,269,418,1,1515,1509,2216,1328,1289,1118,1137,1127,1064,1657,1137,1115,132.22973,25.05643,17.72
2021-04-28,270,401,1,1389,1693,2453,1425,1368,1156,1140,1153,1091,1384,1125,1130,135.64202,26.50851,19.39
2021-04-28,272,438,1,1433,1653,2371,1393,1323,1138,1152,1161,1111,1578,1159,1140,135.95092,25.983,18.82
2021-04-28,273,426,1,1419,1594,2312,1350,1297,1122,1137,1136,1093,1285,1124,1110,135.2183,26.2698,18.31
2021-04-28,273,429,1,1405,1644,2351,1381,1304,1138,1155,1176,1096,1275,1125,1120,136.26804,25.99143,18.66
2021-04-28,273,457,1,1548,1654,2459,1431,1398,1187,1184,1209,1150,1978,1239,1228,133.01556,26.42674,19.45
2021-04-28,274,441,1,1421,1638,2396,1401,1312,1149,1151,1173,1104,1324,1146,1130,134.29146,26.2049,18.985
2021-04-28,275,414,1,1345,1530,2244,1310,1259,1082,1102,1113,1046,1158,1092,1086,134.13276,26.28025,17.77
2021-04-28,279,434,1,1409,1615,2358,1370,1305,1125,1140,1150,1097,1127,1121,1112,134.87854,26.50215,18.64
2021-04-28,282,446,1,1411,1587,2320,1357,1295,1128,1145,1151,1087,1150,1122,1114,134.33022,26.18983,18.385
2021-04-28,283,456,1,1405,1560,2360,1353,1338,1130,1138,1157,1098,1142,1132,1120,132.33366,27.12093,18.565
2021-04-28,284,425,1,1380,1567,2294,1336,1274,1107,1126,1127,1068,1096,1095,1080,134.46764,26.39118,18.15
2021-04-28,287,434,1,1382,1559,2279,1332,1279,1105,1119,1129,1062,1099,1097,1094,134.38226,26.22542,18.055
2021-04-28,292,444,1,1405,1629,2360,1375,1301,1120,1134,1154,1084,1128,1103,1096,135.47208,26.37216,18.675
2021-04-28,299,437,1,1382,1548,2269,1333,1280,1107,1114,1134,1071,1088,1081,1076,133.78205,25.98556,18.01
2021-04-28,306,447,1,1365,1589,2405,1333,1327,1103,1105,1129,1068,1096,1075,1072,134.32836,28.67844,18.69
2021-04-28,253,370,2,2217,2195,2783,1924,1883,1334,1331,1319,1207,3137,1341,1293,138.92899,18.24942,23.535
2021-04-28,261,372,2,1907,2250,2991,2043,1995,1329,1320,1276,1137,1258,1124,1104,133.10127,18.83194,25.17
2021-04-28,261,382,2,1489,1823,2665,1520,1451,1124,1139,1138,1064,1245,1116,1106,135.87773,27.35962,20.925
2021-04-28,267,370,2,1891,2275,3023,2063,2072,1379,1359,1332,1141,1210,1106,1092,133.25,18.87534,25.43
2021-04-28,269,474,2,2371,2443,3209,2426,2569,1827,1815,1710,1451,2876,1411,1332,121.30268,13.8953,28.175
2021-04-28,270,371,2,1711,2058,2894,1835,1826,1231,1227,1190,1084,1118,1093,1085,132.63456,22.39374,23.645
2021-04-28,274,374,2,1541,1861,2708,1564,1536,1115,1129,1138,1060,1076,1088,1091,135.57692,26.77903,21.36
2021-04-28,277,474,2,1784,2319,3139,2139,2300,1564,1539,1482,1254,1289,1168,1128,130.8,18.94657,26.39
2021-04-28,278,368,2,1695,1970,2810,1706,1724,1183,1183,1166,1068,1125,1088,1080,134.34783,24.44641,22.58
2021-04-28,283,478,2,2022,2177,3030,2045,2189,1475,1463,1376,1215,1725,1161,1138,128.04061,19.40887,25.375
2021-04-28,285,363,2,2123,2452,3044,2249,2157,1475,1465,1394,1195,1276,1081,1065,135.32075,15.01984,26.465
2021-04-28,288,359,2,2267,2698,3116,2471,2274,1579,1554,1498,1298,1361,1086,1060,141.11628,11.54466,27.935
2021-04-28,289,473,2,1830,2204,3021,2047,2141,1422,1420,1354,1203,1442,1138,1110,129.67146,19.21863,25.34
2021-04-28,293,365,2,1648,1951,2740,1646,1623,1158,1171,1151,1082,1086,1076,1076,136.72761,24.943,21.93
2021-04-28,295,350,2,2109,2528,3096,2277,2116,1445,1414,1362,1198,1437,1090,1065,138.38828,15.24288,26.865
2021-04-28,295,470,2,1915,2236,3034,2067,2179,1478,1461,1392,1211,1529,1125,1091,130.48604,18.95707,25.505
2021-04-28,297,464,2,1683,1950,2844,1732,1851,1247,1247,1246,1117,1266,1108,1091,131.76259,24.3007,22.88
2021-04-28,303,346,2,1857,2221,2914,1997,1951,1342,1327,1290,1144,1357,1085,1060,134.65649,18.67237,24.555
2021-04-28,305,343,2,2054,2595,3089,2377,2199,1505,1483,1422,1249,1452,1103,1073,138.37079,13.02598,27.33
2021-04-28,305,457,2,1710,1996,2865,1818,1905,1302,1295,1241,1125,1206,1090,1076,130.20057,22.35746,23.415
2021-04-28,310,351,2,1792,2282,2939,2001,1908,1353,1332,1331,1185,1137,1078,1054,137.97441,18.98785,24.7
2021-04-28,314,456,2,1909,2195,2946,1990,2090,1442,1407,1362,1216,1436,1080,1065,132.86611,19.36791,24.68
2021-04-28,317,343,2,2375,2700,3175,2471,2373,1678,1655,1590,1354,1686,1107,1058,139.51705,12.469,28.23
2021-04-28,321,449,2,1656,1951,2754,1671,1746,1204,1202,1197,1096,1237,1060,1060,135.51247,24.47458,22.125
2021-04-28,322,349,2,2259,2772,3164,2455,2225,1510,1473,1409,1242,1127,1068,1047,146.82652,12.6179,28.095
2021-04-28,323,420,2,1415,1666,2505,1416,1411,1120,1120,1134,1064,1082,1062,1057,133.7741,27.77353,19.605
2021-04-28,324,411,2,1736,2082,2815,1796,1778,1321,1310,1292,1170,1105,1057,1053,136.84004,22.09933,23.055
2021-04-28,327,398,2,1806,2211,2856,1953,1885,1394,1369,1358,1209,1118,1064,1060,137.14286,18.77729,24.045
2021-04-28,328,427,2,1642,1798,2690,1593,1696,1185,1190,1169,1091,1138,1061,1056,131.2124,25.61289,21.415
2021-04-28,328,444,2,1704,1912,2727,1699,1761,1227,1218,1196,1097,1177,1066,1051,132.43191,23.22639,22.13
2021-04-28,331,436,2,1780,2024,2822,1786,1881,1277,1274,1235,1104,1268,1053,1045,133.78378,22.48264,23.04
2021-04-28,335,360,2,2349,2721,3157,2368,2195,1514,1487,1372,1254,1235,1081,1063,146.84411,14.28054,27.625
2021-04-28,335,393,2,1803,2040,2804,1825,1854,1342,1340,1287,1187,1164,1090,1080,133.17671,21.14928,23.145
2021-04-28,341,367,2,2360,2687,3148,2313,2143,1428,1405,1339,1176,1177,1084,1060,146.87425,15.29024,27.305
2021-04-28,341,375,2,2101,2544,3114,2263,2121,1419,1394,1324,1164,1135,1080,1061,139.81199,15.82667,26.885
2021-04-28,86,124,3,2353,2721,3164,3363,3155,3251,3269,3441,3236,3737,3462,3205,41.40187,10.55227,30.42
2021-04-28,102,142,3,2306,2464,2946,3141,3026,3189,3208,3275,3148,3801,3671,3417,42.71787,12.0785,28.025
2021-04-28,125,130,3,2851,3381,4033,4610,4528,4661,4704,4873,4619,5486,4873,4141,31.83076,15.3798,39.955
2021-04-28,146,149,3,2764,3149,3877,4454,4540,4717,4736,4670,4570,5476,5269,4229,33.47126,17.16428,38.015
2021-04-28,1053,888,3,2415,2744,3148,3535,3539,3668,3760,3803,3769,4380,4013,3760,30.64475,12.59755,31.395
2021-04-28,1068,898,3,2386,2694,3082,3377,3420,3536,3581,3688,3560,4200,3718,3446,34.08492,11.25021,30.355
2021-04-28,1069,874,3,2359,2684,3100,3462,3343,3480,3556,3660,3553,4206,3697,3464,32.08226,12.65864,30.73
2021-04-28,1077,913,3,2324,2632,3016,3393,3273,3379,3454,3628,3482,4139,3765,3487,30.27595,12.63071,30.125
2021-04-28,1080,854,3,2442,2809,3284,3668,3822,3953,4025,3944,4030,4583,4263,3965,33.17811,13.26231,32.385
2021-04-28,1084,896,3,2445,2935,3372,3808,3567,3683,3799,4001,3808,4399,3973,3664,30.03436,12.94676,33.715
2021-04-28,1085,874,3,2366,2565,2989,3347,3278,3431,3480,3575,3522,4340,3921,3640,32.53197,13.22733,29.56
2021-04-28,1089,860,3,2435,2712,3141,3503,3483,3611,3682,3727,3658,4423,3926,3655,32.54109,12.72727,31.075
2021-04-28,1099,883,3,2386,2523,2919,3271,3222,3357,3429,3469,3430,4232,3735,3464,31.76471,12.90991,28.97
2021-04-28,1108,861,3,2439,2668,3121,3446,3434,3551,3617,3651,3640,4395,3930,3650,34.93573,12.72489,30.57
2021-04-28,1108,912,3,2276,2528,2899,3207,3026,3162,3216,3360,3233,3897,3530,3283,32.78351,11.83958,28.675
2021-04-28,1112,903,3,2360,2611,3082,3310,3341,3423,3521,3480,3513,4133,3750,3457,40.42918,11.80544,29.605
2021-04-28,1113,841,3,2449,2829,3313,3714,3597,3682,3790,3893,3760,4494,3993,3701,32.81356,13.52591,32.715
2021-04-28,1120,875,3,2300,2760,3213,3643,3495,3604,3684,3877,3668,4146,3944,3656,30.78143,13.79041,32.015
2021-04-28,1122,214,3,2424,2723,3340,3746,3718,3842,3914,3911,3823,4576,4374,3997,36.18768,15.81388,32.345
2021-04-28,1134,853,3,2414,2604,3030,3395,3478,3632,3709,3605,3687,4458,4078,3788,32.31353,13.18553,29.995
2021-04-28,1134,895,3,2372,2503,2883,3237,3362,3486,3548,3460,3616,4445,4005,3741,31.06267,12.78746,28.7
2021-04-28,168,957,4,4811,6024,6573,6833,6739,6689,6687,6933,6672,7703,7045,6346,40.71693,11.32577,64.285
2021-04-28,193,905,4,4515,5039,5573,5962,6021,5958,5963,5951,5861,7309,6284,5642,34.71289,10.2567,55.005
2021-04-28,194,939,4,4594,5348,5908,6297,6296,6248,6249,6269,6154,7527,6470,5779,35.40569,11.35847,58.225
2021-04-28,205,890,4,4615,5325,5894,6228,6331,6268,6262,6233,6168,7526,6544,5868,37.80731,10.69019,57.765
2021-04-28,205,902,4,4872,5789,6315,6687,6656,6599,6590,6680,6487,7815,6904,6190,35.14477,11.93514,62.38
2021-04-28,207,910,4,4708,5389,5985,6269,6268,6229,6262,6246,6146,7634,6533,5855,40.63636,10.54903,58.29
2021-04-28,215,879,4,4644,5458,6012,6425,6470,6426,6408,6380,6344,7745,6610,5911,34.37435,11.91327,59.415
2021-04-28,629,633,4,5841,6709,6985,7113,7192,7055,7009,6984,6953,8399,5906,4691,40.9901,6.53933,69.11
2021-04-28,635,651,4,5825,6520,6800,7081,7022,6937,6934,7007,6841,8442,6120,4995,29.94652,8.76699,68.005
2021-04-28,635,661,4,5822,6543,6868,7131,7076,7002,6970,7081,6903,8467,6169,5018,33.16327,9.29497,68.37
2021-04-28,642,681,4,5633,6530,6791,6957,6890,6805,6767,6970,6758,8265,6079,5019,36.67447,6.55612,67.435
2021-04-28,644,695,4,5729,6387,6691,6934,7033,6963,6942,6961,6903,8376,6159,4956,33.34552,8.18985,66.605
2021-04-28,650,716,4,5954,6852,7094,7296,7247,7168,7135,7279,7063,8622,6171,4766,32.7027,7.58715,70.74
2021-04-28,652,673,4,5602,6378,6705,6875,6931,6828,6800,6813,6731,8249,6267,5210,39.47686,7.36624,66.265
2021-04-28,657,638,4,5938,6695,7067,7296,7205,7126,7137,7307,7046,8646,6380,5186,37.1381,10.00166,69.955
2021-04-28,663,684,4,5918,6617,6981,7191,7225,7126,7147,7265,7077,8702,6267,4982,38.04878,9.27003,69.04
2021-04-28,666,651,4,5682,6553,6868,7122,7070,7017,6989,7164,6941,8398,6296,5204,33.21617,8.99605,68.375
2021-04-28,666,692,4,6109,6939,7330,7526,7522,7441,7428,7496,7358,8946,6418,4994,39.96593,10.60524,72.325
2021-04-28,668,712,4,5906,6516,6886,7095,7172,7058,7081,7099,7023,8681,6271,5004,38.34197,9.06245,68.055
2021-04-28,681,664,4,5795,6424,6813,7072,7069,6974,6975,7035,6907,8554,6305,5184,36.01852,9.9631,67.48
2021-04-28,682,709,4,5804,6470,6854,7063,7051,6954,6957,7053,6870,8438,6269,5118,38.85329,9.16963,67.665
2021-04-28,292,623,5,2949,3363,3680,3679,3569,3597,3592,3529,3467,4154,3231,2154,60.18927,4.50092,35.215
2021-04-28,295,593,5,2921,3340,3687,3686,3550,3591,3552,3570,3445,4101,2959,2005,60.17291,4.9381,35.135
2021-04-28,311,624,5,2970,3335,3711,3661,3599,3599,3571,3568,3507,4153,3500,2254,67.97872,5.33636,35.23
2021-04-28,312,593,5,2950,3294,3612,3631,3518,3526,3485,3503,3372,4051,2364,1557,56.61721,4.86643,34.625
2021-04-28,329,593,5,2965,3349,3650,3650,3576,3603,3561,3524,3484,4110,2229,1510,60.0,4.30061,34.995
2021-04-28,367,324,5,3198,3473,3852,3893,3808,3782,3754,3734,3647,4521,3145,1722,54.14286,5.70187,36.83
2021-04-28,369,305,5,3302,3648,3994,4005,3976,3990,3962,3863,3832,4648,3307,1788,58.15126,4.66484,38.265
2021-04-28,377,270,5,3594,3986,4364,4397,4369,4408,4339,4324,4239,5199,3520,1904,55.18248,4.90278,41.915
2021-04-28,380,340,5,3792,4106,4341,4388,4453,4425,4359,4209,4255,5166,3571,2060,50.0,3.31999,42.47
2021-04-28,384,320,5,3242,3696,4092,4133,4029,4034,3980,4043,3870,4664,2984,1647,54.37071,5.58181,39.145
2021-04-28,390,278,5,3647,4198,4484,4511,4464,4442,4411,4375,4284,5112,3581,1970,54.82428,3.59398,43.545
2021-04-28,390,297,5,3429,3984,4268,4275,4196,4201,4158,4107,4058,4773,3361,1864,58.5567,3.52343,41.295
2021-04-28,394,348,5,3788,4421,4656,4679,4517,4495,4468,4501,4321,5184,3425,1874,54.65116,2.83516,45.5
2021-04-28,398,333,5,3513,3933,4296,4314,4317,4302,4288,4209,4137,4958,3140,1694,57.16535,4.61986,41.235
2021-04-28,402,310,5,3090,3400,3802,3805,3809,3761,3730,3656,3611,4428,3028,1659,59.55556,5.6211,36.025
2021-04-28,409,303,5,2995,3335,3714,3750,3682,3693,3663,3639,3552,4362,3033,1683,54.79518,5.85745,35.425
2021-04-28,410,286,5,3298,3738,4087,4097,4031,4032,3980,3932,3900,4658,3311,1842,58.32869,4.582,39.175
2021-04-28,413,323,5,3288,3735,4087,4110,4075,4086,4018,3997,3911,4710,3038,1668,56.32,4.78011,39.225
2021-04-28,416,308,5,2989,3678,3997,4030,3892,3877,3850,3900,3725,4366,2960,1646,54.375,4.56668,38.54
2021-04-28,422,279,5,3262,3915,4221,4184,4062,4025,4020,4068,3879,4599,3110,1712,67.2549,3.76106,40.68
2021-04-28,428,321,5,3342,3770,4114,4186,4072,4049,4016,4027,3877,4769,3130,1691,49.61538,5.22876,39.78
2021-04-28,432,294,5,3309,3924,4225,4202,4160,4155,4094,4093,3991,4697,3128,1702,64.58472,3.6937,40.745
2021-04-28,313,476,6,2832,3121,3435,3413,3288,3303,3263,3275,3167,3895,2132,1408,64.20382,4.78951,32.78
2021-04-28,329,473,6,2792,3078,3313,3237,3107,3108,3114,3144,3033,3616,1954,1383,79.40426,3.67705,31.955
2021-04-28,341,468,6,2891,3160,3394,3324,3172,3210,3168,3236,3123,3698,1954,1331,77.94872,3.57034,32.77
2021-04-28,344,448,6,2914,3262,3465,3361,3201,3098,3030,3049,2858,3114,1307,1106,90.73892,3.01769,33.635
2021-04-28,344,449,6,2917,3259,3453,3370,3210,3117,3049,3091,2894,3217,1351,1118,85.6701,2.89035,33.56
2021-04-28,348,438,6,2897,3149,3365,3306,3173,3157,3146,3155,3065,3265,1295,1102,76.38889,3.31593,32.57
2021-04-28,349,411,6,2811,3089,3297,3138,2958,2627,2612,2482,2293,2177,1062,1038,105.86538,3.25712,31.93
2021-04-28,349,455,6,2942,3170,3392,3345,3233,3231,3200,3220,3157,3674,1845,1296,72.7027,3.38311,32.81
2021-04-28,349,462,6,2882,3190,3361,3326,3205,3236,3183,3171,3129,3670,1965,1315,72.2807,2.61029,32.755
2021-04-28,351,435,6,2876,3094,3354,3283,3160,3148,3134,3155,3049,3313,1207,1075,76.38462,4.03226,32.24
2021-04-28,353,446,6,2925,3234,3401,3331,3221,3117,3102,3072,2935,3455,1205,1104,85.1497,2.51696,33.175
2021-04-28,354,418,6,2838,3103,3297,3214,3093,3066,3054,3114,2968,2919,1268,1094,85.6701,3.03125,32.0
2021-04-28,355,428,6,2854,3167,3361,3299,3107,3031,3004,2916,2877,3112,1153,1070,79.17526,2.97181,32.64
2021-04-28,356,413,6,2820,3108,3290,3191,3067,2968,2948,2969,2804,2925,1135,1070,92.63736,2.84464,31.99
2021-04-28,356,427,6,2844,3057,3302,3244,3098,3057,3025,2955,2927,3159,1286,1090,74.20408,3.85281,31.795
2021-04-28,360,441,6,2850,3112,3304,3283,3102,3125,3093,3153,3022,3559,1331,1147,66.5625,2.99252,32.08
2021-04-28,361,409,6,2870,3181,3356,3280,3147,3141,3135,3107,3026,3267,1229,1082,86.05714,2.67707,32.685
2021-04-28,370,390,6,2977,3315,3528,3388,3192,3201,3161,3171,3065,3557,1618,1255,99.43662,3.11267,34.215
2021-04-28,371,420,6,2872,3140,3333,3287,3143,3129,3120,3121,2984,3417,1304,1112,74.30052,2.98162,32.365
2021-04-28,375,431,6,2811,3041,3241,3191,3057,3089,3075,3082,3010,3582,1471,1159,75.0,3.1837,31.41
2021-04-28,378,404,6,2937,3170,3354,3317,3206,3218,3196,3176,3098,3677,2076,1443,72.06522,2.82036,32.62
2021-04-28,386,412,6,2901,3216,3392,3329,3195,3160,3165,3105,3049,3634,1566,1246,81.47727,2.66344,33.04
2021-04-28,1015,177,7,2476,2852,3476,3927,3992,4120,4157,4160,4098,4777,4792,4278,34.82791,15.8578,33.895
2021-04-28,1016,217,7,2525,2958,3492,3737,3705,3808,3921,3946,3889,4471,4119,3864,41.12965,11.63555,33.475
2021-04-28,1018,251,7,2341,2618,3025,3283,3184,3283,3384,3457,3397,4062,3766,3495,36.7218,11.26928,29.505
2021-04-28,1018,332,7,2471,2829,3274,3668,3694,3808,3921,4006,3976,4687,4541,4260,31.8236,12.91365,32.485
2021-04-28,1019,296,7,2473,2825,3381,3698,3644,3759,3805,3835,3745,4465,4057,3743,38.21306,13.38341,32.615
2021-04-28,1040,909,7,2386,2638,2976,3310,3350,3460,3528,3520,3527,4320,3644,3360,30.17857,11.29792,29.74
2021-04-28,1043,846,7,2366,2560,2933,3253,3222,3358,3434,3453,3443,4210,3695,3459,32.29437,11.92156,29.065
2021-04-28,1047,181,7,2404,2714,3290,3661,3535,3676,3736,3803,3670,4399,4143,3771,36.49419,14.8549,31.875
2021-04-28,1049,234,7,2269,2569,2896,3164,3057,3179,3225,3340,3260,3881,3675,3410,32.97479,10.37851,28.665
2021-04-28,1049,871,7,2429,2795,3198,3622,3506,3629,3694,3824,3718,4341,3879,3626,29.23821,12.88764,32.085
2021-04-28,1050,264,7,2391,2712,3259,3565,3570,3702,3757,3743,3723,4323,4039,3732,38.47597,13.58929,31.385
2021-04-28,1050,279,7,2538,3489,4318,4706,4345,4302,4393,4974,4338,4620,4404,3941,40.87099,14.85052,40.975
2021-04-28,1050,311,7,2462,2703,3145,3468,3437,3540,3584,3665,3583,4410,3862,3575,34.66667,12.39669,30.855
2021-04-28,1056,893,7,2415,2719,3087,3466,3346,3462,3559,3662,3583,4272,3807,3513,29.55823,12.07761,30.925
2021-04-28,1058,822,7,2449,2963,3408,3943,3950,4035,4105,4186,4126,4513,4192,3868,27.2449,14.19056,34.53
2021-04-28,1065,857,7,2336,2477,2926,3164,3228,3346,3429,3370,3444,4160,3636,3399,39.21397,12.17869,28.205
2021-04-28,1066,930,7,2368,2786,3170,3505,3464,3595,3640,3596,3567,4153,3807,3552,32.04451,11.42903,31.455
2021-04-28,1069,875,7,2354,2790,3220,3588,3372,3525,3602,3840,3606,4202,3721,3489,32.33083,12.51176,31.89
2021-04-28,1076,906,7,2364,2740,3132,3526,3395,3513,3554,3695,3536,4245,3668,3382,29.92366,12.54389,31.33
2021-04-28,1079,855,7,2444,2740,3315,3647,3644,3795,3865,3907,3881,4554,4141,3841,38.03749,14.20072,31.935
2021-04-28,1084,875,7,2378,2618,3001,3338,3242,3384,3440,3591,3492,4336,3888,3621,31.91667,12.08865,29.78
2021-04-28,1087,833,7,2462,2857,3327,3817,3651,3761,3826,4040,3820,4528,3977,3694,29.375,14.38418,33.37
2021-04-28,1088,889,7,2513,2864,3351,3766,3600,3762,3779,4020,3798,4682,4080,3687,32.39468,13.60483,33.15
2021-04-28,1095,852,7,2439,2691,3166,3540,3552,3647,3748,3741,3744,4479,4007,3723,33.5689,13.62542,31.155
2021-04-28,1100,900,7,2324,2746,3184,3459,3365,3491,3539,3653,3536,4105,3788,3511,36.85835,11.49073,31.025
2021-04-28,1103,871,7,2241,2498,2883,3203,3099,3244,3311,3388,3334,3953,3704,3432,32.76596,12.36625,28.505
2021-04-28,1103,930,7,2378,2682,3116,3450,3376,3466,3526,3582,3516,4185,3763,3471,33.90625,12.52446,30.66
2022-04-28,266,430,1,1605,1870,2313,1387,1328,1139,1138,1124,1094,1673,1132,1119,151.2959,25.02703,18.5
2022-04-28,266,440,1,1625,1820,2311,1396,1362,1181,1189,1113,1144,1735,1212,1214,147.80328,24.68303,18.535
2022-04-28,267,425,1,1544,1839,2317,1362,1326,1140,1148,1112,1097,1570,1140,1134,149.96859,25.95814,18.395
2022-04-28,268,402,1,1743,1982,2514,1477,1404,1128,1137,1100,1080,1161,1104,1099,149.2189,25.98346,19.955
2022-04-28,268,413,1,1673,1878,2379,1432,1359,1147,1151,1121,1104,1380,1137,1120,148.25766,24.84912,19.055
2022-04-28,268,416,1,1574,1867,2346,1411,1318,1151,1146,1113,1105,1419,1146,1133,149.26203,24.88688,18.785
2022-04-28,268,417,1,1551,1835,2338,1420,1321,1147,1143,1107,1109,1429,1142,1137,147.12418,24.42789,18.79
2022-04-28,268,422,1,1492,1842,2346,1388,1311,1130,1122,1106,1098,1439,1144,1127,148.43424,25.65613,18.67
2022-04-28,268,448,1,1570,1829,2338,1481,1510,1253,1260,1111,1182,1613,1309,1280,144.36406,22.44043,19.095
2022-04-28,269,398,1,1626,1914,2441,1462,1353,1109,1111,1088,1068,1084,1091,1093,147.70174,25.08327,19.515
2022-04-28,270,419,1,1493,1861,2342,1352,1302,1144,1136,1086,1099,1287,1133,1119,150.84848,26.80022,18.47
2022-04-28,270,455,1,1487,1780,2284,1354,1273,1121,1122,1098,1092,1501,1145,1132,147.48387,25.5635,18.19
2022-04-28,271,403,1,1600,1788,2271,1344,1264,1096,1102,1091,1063,1114,1093,1079,148.73786,25.64315,18.075
2022-04-28,272,403,1,1552,1769,2221,1318,1248,1092,1099,1085,1065,1111,1094,1079,149.96678,25.51568,17.695
2022-04-28,272,408,1,1612,1893,2394,1375,1311,1114,1129,1082,1075,1150,1102,1104,150.50049,27.03635,18.845
2022-04-28,274,405,1,1496,1793,2269,1312,1220,1097,1093,1070,1055,1106,1093,1082,150.15674,26.72438,17.905
2022-04-28,274,421,1,1533,1868,2356,1378,1280,1116,1111,1096,1073,1108,1092,1093,150.06135,26.19175,18.67
2022-04-28,274,462,1,1430,1774,2279,1303,1215,1092,1100,1073,1065,1147,1103,1095,148.95492,27.24735,17.91
2022-04-28,277,408,1,1474,1808,2307,1328,1223,1086,1085,1070,1056,1099,1089,1068,149.41777,26.9326,18.175
2022-04-28,277,409,1,1484,1814,2277,1324,1225,1087,1086,1066,1051,1097,1088,1073,150.84995,26.46487,18.005
2022-04-28,278,464,1,1413,1708,2198,1300,1231,1096,1084,1078,1058,1102,1086,1080,147.26058,25.67181,17.49
2022-04-28,280,467,1,1411,1719,2209,1310,1228,1089,1100,1076,1057,1093,1092,1087,147.297,25.54703,17.595
2022-04-28,281,409,1,1484,1870,2354,1322,1236,1095,1089,1063,1050,1094,1091,1078,151.86047,28.07399,18.38
2022-04-28,284,402,1,1515,1865,2358,1473,1435,1351,1317,1179,1286,1120,1272,1236,146.57627,23.10102,19.155
2022-04-28,288,382,1,1496,1811,2342,1455,1371,1080,1076,1054,1029,1055,1067,1069,144.08117,23.36055,18.985
2022-04-28,289,400,1,1507,1907,2377,1374,1259,1093,1099,1068,1050,1089,1076,1076,151.88435,26.73954,18.755
2022-04-28,292,375,1,1399,1638,2221,1394,1401,1081,1064,1060,1039,1057,1073,1057,137.70254,22.8769,18.075
2022-04-28,292,379,1,1394,1616,2161,1333,1370,1078,1068,1054,1031,1052,1075,1067,140.50725,23.69777,17.47
2022-04-28,292,380,1,1402,1604,2157,1354,1360,1075,1077,1054,1038,1050,1075,1067,138.67995,22.87098,17.555
2022-04-28,293,370,1,1404,1698,2269,1458,1450,1091,1096,1058,1041,1064,1069,1056,137.75586,21.76013,18.635
2022-04-28,293,371,1,1401,1695,2282,1450,1434,1087,1092,1059,1042,1063,1069,1056,137.66827,22.29368,18.66
2022-04-28,295,378,1,1357,1582,2149,1340,1396,1087,1075,1060,1037,1053,1068,1071,137.94808,23.18716,17.445
2022-04-28,296,381,1,1397,1655,2184,1358,1377,1085,1082,1061,1045,1053,1067,1060,141.57385,23.32016,17.71
2022-04-28,311,393,1,1422,1655,2130,1333,1302,1077,1083,1061,1050,1064,1067,1065,144.2409,23.01473,17.315
2022-04-28,312,388,1,1414,1659,2120,1337,1348,1089,1082,1078,1044,1064,1066,1068,144.67433,22.6497,17.285
2022-04-28,317,373,1,1346,1591,2294,1432,1575,1122,1116,1072,1035,1062,1070,1064,131.06729,23.13473,18.63
2022-04-28,321,375,1,1352,1563,2226,1415,1559,1119,1106,1081,1058,1067,1080,1058,130.94945,22.2741,18.205
2022-04-28,324,364,1,1425,1708,2408,1575,1727,1180,1157,1114,1057,1075,1084,1048,129.57983,20.91388,19.915
2022-04-28,254,388,2,2336,2623,2986,2315,2171,1473,1451,1354,1267,1663,1147,1141,147.54098,12.65799,26.505
2022-04-28,257,389,2,2273,2596,2994,2247,2084,1384,1365,1271,1197,1347,1118,1100,148.03213,14.25301,26.205
2022-04-28,265,491,2,2155,2405,2809,2269,2136,1445,1417,1337,1202,1866,1179,1182,135.11111,10.63411,25.39
2022-04-28,267,387,2,2089,2500,2959,2198,2068,1357,1319,1245,1150,1130,1088,1080,143.81078,14.75664,25.785
2022-04-28,269,490,2,1980,2388,2768,2122,1972,1311,1303,1234,1145,1233,1122,1113,144.70588,13.21063,24.45
2022-04-28,271,484,2,1769,2203,2657,1747,1583,1121,1108,1092,1084,1205,1110,1094,150.06593,20.66303,22.02
2022-04-28,273,492,2,2028,2443,2795,2241,2121,1411,1378,1305,1168,1176,1099,1094,141.87726,11.00079,25.18
2022-04-28,277,383,2,1850,2307,2867,1966,1897,1241,1227,1164,1089,1088,1082,1064,142.7081,18.64267,24.165
2022-04-28,282,377,2,1857,2243,2795,1908,1831,1229,1208,1143,1096,1096,1075,1070,142.66065,18.8603,23.515
2022-04-28,282,485,2,1832,2317,2778,1881,1679,1143,1133,1101,1059,1093,1085,1075,149.16388,19.25306,23.295
2022-04-28,282,492,2,2079,2485,2853,2273,2110,1385,1371,1299,1164,1182,1101,1082,141.93103,11.31487,25.63
2022-04-28,283,349,2,2326,2659,2961,2402,2306,1657,1612,1464,1366,1535,1125,1092,147.58497,10.42327,26.815
2022-04-28,283,363,2,2293,2778,3040,2654,2514,1856,1785,1675,1481,1526,1094,1077,139.27461,6.77907,28.47
2022-04-28,286,326,2,4334,5794,6163,6358,6174,6136,6134,6401,6051,6614,5076,3703,39.25532,7.18654,60.76
2022-04-28,286,485,2,1903,2351,2828,1926,1730,1151,1153,1099,1057,1107,1084,1068,148.27051,18.9735,23.77
2022-04-28,289,347,2,2112,2422,2828,2170,2133,1450,1413,1329,1205,1409,1119,1082,142.97872,13.16527,24.99
2022-04-28,289,477,2,1679,2113,2624,1662,1494,1115,1103,1085,1068,1133,1084,1083,148.1289,22.44517,21.43
2022-04-28,291,344,2,2374,2806,3058,2662,2543,1863,1797,1660,1498,1814,1143,1088,141.81818,6.92308,28.6
2022-04-28,291,477,2,1765,2175,2693,1775,1587,1123,1115,1099,1080,1171,1081,1082,146.14379,20.54611,22.34
2022-04-28,293,471,2,1644,2065,2576,1581,1442,1091,1075,1083,1055,1114,1079,1076,149.18593,23.93553,20.785
2022-04-28,295,350,2,2006,2353,2795,2245,2225,1493,1440,1377,1196,1220,1099,1067,131.78182,10.9127,25.2
2022-04-28,295,356,2,1702,2260,2792,2049,2030,1317,1289,1226,1112,1101,1081,1068,137.03903,15.34807,24.205
2022-04-28,298,467,2,1676,2075,2606,1660,1487,1098,1098,1081,1055,1104,1077,1062,146.32135,22.17534,21.33
2022-04-28,300,456,2,1544,1912,2446,1458,1303,1076,1072,1070,1046,1074,1075,1066,147.57085,25.30738,19.52
2022-04-28,301,468,2,1839,2237,2711,1822,1660,1132,1121,1103,1053,1184,1077,1065,148.009,19.61174,22.665
2022-04-28,302,356,2,1739,2141,2726,1995,2063,1351,1322,1236,1114,1091,1091,1068,131.98358,15.48401,23.605
2022-04-28,303,464,2,1742,2179,2701,1759,1582,1111,1114,1088,1048,1135,1068,1058,146.75159,21.12108,22.3
2022-04-28,305,464,2,1832,2239,2711,1837,1675,1142,1130,1098,1048,1181,1069,1055,147.59725,19.21724,22.74
2022-04-28,308,356,2,1727,2245,2801,2057,2028,1330,1293,1231,1098,1091,1084,1073,135.16129,15.31494,24.29
2022-04-28,309,402,2,1654,2020,2485,1539,1379,1109,1096,1075,1050,1067,1064,1059,150.5074,23.50895,20.12
2022-04-28,310,351,2,1881,2035,2639,1968,2145,1442,1408,1309,1163,1208,1101,1066,125.99106,14.56479,23.035
2022-04-28,311,355,2,1728,2218,2743,2003,2002,1316,1279,1220,1098,1092,1093,1078,137.43243,15.59208,23.73
2022-04-28,311,359,2,1658,2039,2618,1821,1854,1235,1208,1157,1068,1084,1085,1073,136.41154,17.95449,22.195
2022-04-28,315,349,2,1908,2103,2699,2005,2130,1445,1404,1298,1173,1213,1111,1076,128.47262,14.7534,23.52
2022-04-28,318,348,2,1921,2196,2722,2077,2144,1460,1405,1309,1186,1288,1120,1076,131.06977,13.4403,23.995
2022-04-28,318,359,2,1581,1980,2556,1757,1801,1218,1189,1165,1080,1078,1091,1070,136.74593,18.52539,21.565
2022-04-28,321,389,2,1677,2122,2624,1668,1523,1105,1094,1073,1042,1083,1069,1063,148.49372,22.274,21.46
2022-04-28,321,397,2,1873,2319,2680,1919,1730,1248,1219,1180,1106,1128,1073,1074,151.53745,16.54708,22.995
2022-04-28,322,386,2,1680,2167,2604,1725,1576,1113,1102,1085,1047,1078,1067,1052,150.17065,20.30492,21.645
2022-04-28,322,387,2,1701,2130,2631,1716,1571,1112,1103,1081,1047,1080,1066,1052,147.14754,21.049,21.735
2022-04-28,324,388,2,1842,2201,2668,1802,1634,1130,1120,1085,1062,1111,1068,1057,147.64434,19.3736,22.35
2022-04-28,325,358,2,1573,2062,2558,1813,1809,1243,1219,1175,1109,1089,1086,1063,140.05369,17.04415,21.855
2022-04-28,328,377,2,1554,2060,2589,1753,1663,1140,1138,1095,1052,1082,1076,1065,142.03349,19.2538,21.71
2022-04-28,328,383,2,1845,2222,2666,1866,1739,1207,1157,1115,1093,1107,1071,1063,146.7,17.65225,22.66
2022-04-28,329,358,2,1682,2041,2541,1802,1842,1268,1246,1196,1115,1097,1093,1060,139.4046,17.01589,21.715
2022-04-28,329,370,2,1444,1869,2495,1655,1694,1153,1150,1108,1048,1072,1084,1065,135.28571,20.24096,20.75
2022-04-28,336,358,2,1995,2560,2907,2257,2063,1355,1319,1256,1143,1138,1093,1071,147.96923,12.58714,25.82
2022-04-28,336,361,2,1965,2462,2838,2200,2021,1349,1309,1233,1151,1103,1091,1066,144.6395,12.66376,25.19
2022-04-28,80,219,3,1873,2028,2454,2630,2792,2897,2918,2801,2903,3650,3418,3206,42.45847,12.924,23.29
2022-04-28,87,109,3,1854,2007,2442,2610,2843,2914,2958,2791,2909,3636,3557,3290,43.28358,13.06043,23.085
2022-04-28,102,178,3,1875,2130,2510,2678,2767,2843,2882,2832,2855,3366,3308,3174,41.60584,11.39767,24.04
2022-04-28,107,145,3,1982,2302,2741,2962,3054,3127,3150,3151,3126,3629,3708,3511,39.90909,12.53799,26.32
2022-04-28,108,170,3,1929,2164,2547,2696,2698,2759,2773,2809,2713,3397,3131,2926,43.19549,10.9465,24.3
2022-04-28,119,251,3,2152,2592,3245,3767,3857,3944,3985,4040,3911,4934,4283,3698,33.34468,18.47775,31.795
2022-04-28,122,221,3,2295,2687,3413,3966,4086,4170,4203,4246,4100,5196,4590,3615,34.05786,19.22441,33.265
2022-04-28,126,104,3,2238,2562,3256,3733,3876,3948,3984,4029,3877,4903,4502,3636,35.55935,18.60207,31.475
2022-04-28,137,161,3,2192,2385,2917,3188,3627,3714,3762,3428,3685,5085,4398,3765,39.75093,14.40876,27.865
2022-04-28,1001,299,3,2055,2322,2888,3239,3292,3363,3414,3514,3375,4710,3928,3642,37.03381,16.48984,27.805
2022-04-28,1019,240,3,1763,2030,2502,2783,2798,2906,2956,2969,3020,3424,3537,3326,37.60956,15.64513,24.065
2022-04-28,1035,245,3,1774,2101,2556,2811,2857,2954,3021,3086,3028,3449,3512,3294,38.4507,14.4544,24.56
2022-04-28,1048,249,3,1743,1939,2365,2658,2742,2812,2887,2900,2942,3397,3486,3266,35.54937,15.64064,22.985
2022-04-28,1055,215,3,1728,1979,2352,2624,2736,2866,2906,2927,2996,3413,3537,3324,34.69767,14.0126,23.015
2022-04-28,1059,357,3,1885,2252,2813,3448,3700,3787,3899,3951,4032,4636,5114,4922,28.14381,20.98246,28.5
2022-04-28,1091,290,3,2099,2402,2998,3404,3661,3763,3811,3680,3779,4485,4218,3956,35.68862,17.25801,29.03
2022-04-28,1095,219,3,1921,2160,2770,3142,3351,3444,3485,3450,3491,4513,4278,3980,37.27088,18.52131,26.51
2022-04-28,1118,181,3,1879,2181,2699,2999,3126,3210,3252,3201,3223,3860,3667,3386,37.99511,15.79151,25.9
2022-04-28,491,275,4,4613,4585,5006,5200,5619,5625,5522,5138,5522,7204,4569,2908,41.07317,6.28513,48.925
2022-04-28,498,249,4,4733,5250,5569,5668,5702,5718,5595,5621,5601,6794,4842,3242,45.78947,4.60251,54.59
2022-04-28,507,200,4,5195,6131,6487,6644,6737,6659,6660,6694,6557,7823,5413,4035,41.63743,7.10035,63.875
2022-04-28,508,260,4,4768,5613,5920,6095,6168,6140,6079,6088,6058,7159,4856,3258,38.21577,5.81283,58.54
2022-04-28,515,199,4,5702,6890,7297,7535,7660,7521,7552,7669,7471,8672,6103,4908,37.86047,11.56951,72.125
2022-04-28,516,251,4,4804,5141,5472,5612,5999,5929,5880,5613,5826,7167,4784,3153,42.16561,5.09354,53.765
2022-04-28,597,183,4,5073,6505,6707,6862,6937,6821,6782,6857,6704,6985,6155,4859,33.94958,5.38218,66.835
2022-04-28,608,177,4,5824,6448,6610,6789,6781,6664,6647,6686,6572,8128,6256,5096,28.5044,5.04214,66.185
2022-04-28,630,306,4,5160,6199,6344,6543,6373,6342,6276,6417,6153,7219,5800,4778,25.2907,4.7396,63.71
2022-04-28,636,289,4,5512,5677,5955,6051,6319,6196,6152,6005,6102,7731,5809,4936,44.59893,4.52128,58.64
2022-04-28,638,217,4,6064,6905,7096,7232,7354,7188,7158,7150,7086,8278,6603,5661,35.04587,5.57735,70.685
2022-04-28,651,300,4,5326,6165,6371,6515,6574,6408,6448,6528,6343,7535,5887,4658,35.31429,4.78142,63.4
2022-04-28,653,215,4,5979,6917,7193,7293,7271,7183,7113,7130,7047,8324,6574,5729,44.04255,6.49396,71.05
2022-04-28,656,273,4,5415,7158,7467,7628,7225,7050,7111,7506,6954,7192,6375,5561,39.44681,9.01419,73.93
2022-04-28,657,207,4,5768,6569,6738,6845,6896,6786,6764,6797,6641,8074,6245,5281,36.73913,4.19071,67.07
2022-04-28,675,772,4,3678,4533,5237,5684,5761,5725,5708,5767,5606,6715,6187,5535,36.69852,11.76531,51.085
2022-04-28,690,762,4,3849,4533,5256,5426,5420,5383,5419,5443,5367,6862,6037,5509,48.57783,8.96676,49.795
2022-04-28,735,757,4,3605,4174,4871,5402,5535,5520,5544,5454,5419,6837,6036,5415,34.05537,12.82373,47.88
2022-04-28,737,688,4,5337,6093,6167,6208,6383,6251,6248,6163,6134,6976,5871,5094,38.6087,1.4937,61.505
2022-04-28,746,670,4,6075,6799,6996,7047,7365,7232,7219,7035,7127,8149,6792,6013,47.66129,4.0299,69.23
2022-04-28,749,631,4,4678,5371,5607,5664,5644,5579,5524,5641,5426,6878,4779,3348,48.32765,3.26827,55.175
2022-04-28,749,756,4,3481,4106,4655,5031,4894,4856,4896,5142,4820,6643,5453,4901,35.61081,10.12367,45.685
2022-04-28,751,603,4,4325,4771,5063,5144,5281,5225,5184,5110,5092,6644,4444,2916,46.97051,3.76198,49.575
2022-04-28,751,685,4,6027,6618,6645,6821,6859,6733,6668,6670,6585,8330,6251,5613,7.9803,3.09404,67.195
2022-04-28,752,742,4,3662,4397,5102,5487,5663,5624,5607,5581,5519,6896,6065,5439,38.80734,11.02792,49.42
2022-04-28,756,707,4,5777,6531,6645,6660,6752,6654,6608,6619,6520,7537,6263,5460,53.02326,1.89455,65.955
2022-04-28,757,693,4,5619,6206,6375,6362,6337,6231,6206,6235,6094,7804,5829,5168,64.61538,2.27794,62.905
2022-04-28,758,618,4,4794,5579,5850,5934,5935,5906,5830,5961,5785,7163,5039,3648,45.80282,4.18287,57.565
2022-04-28,758,639,4,4661,5300,5503,5507,5473,5422,5379,5458,5297,6857,5017,3937,58.84058,2.25171,54.035
2022-04-28,760,651,4,4713,5145,5438,5462,5548,5481,5444,5435,5359,6970,4969,3690,55.45741,3.37485,53.035
2022-04-28,761,592,4,5296,5957,6147,6156,6293,6225,6191,6187,6103,7607,5506,4350,57.28643,2.52314,60.565
2022-04-28,761,665,4,5078,5300,5542,5620,5772,5719,5682,5589,5580,7431,5337,4285,45.375,3.52423,54.6
2022-04-28,765,756,4,3611,4423,5117,5620,5696,5612,5654,5621,5533,6859,6086,5446,34.78697,12.02169,50.215
2022-04-28,768,714,4,5144,5942,6093,6180,6356,6227,6199,6167,6136,7501,6021,5291,38.06723,3.02107,60.61
2022-04-28,772,656,4,5033,5496,5534,5785,5828,5722,5745,5763,5650,7416,5301,4173,7.88927,3.3146,56.405
2022-04-28,773,689,4,5329,5885,6051,6055,6135,6045,6001,5969,5907,7634,5697,4830,58.58824,2.10918,59.7
2022-04-28,775,624,4,5019,5311,5580,5672,5835,5758,5762,5712,5708,7522,5054,3649,44.70914,4.00355,54.915
2022-04-28,775,644,4,4966,5209,5538,5551,5860,5741,5765,5534,5676,7416,5208,3923,57.7193,3.7013,53.8
2022-04-28,776,600,4,5366,5666,5901,5922,6120,6042,6031,5906,5974,7815,5568,4529,55.07813,3.04327,57.94
2022-04-28,777,742,4,3734,4268,4905,5329,5518,5471,5451,5359,5346,6869,5915,5323,36.02262,11.05554,47.985
2022-04-28,780,704,4,5435,6112,6263,6301,6398,6266,6266,6259,6185,7621,6044,5334,47.93651,2.4911,62.065
2022-04-28,784,725,4,3685,4449,5087,5555,5607,5582,5600,5565,5477,6754,6053,5488,34.61121,11.06443,50.02
2022-04-28,785,678,4,5781,6229,6390,6410,6591,6471,6429,6405,6364,8256,6110,5322,53.37017,2.45891,63.195
2022-04-28,790,610,4,5468,6025,6267,6297,6341,6251,6233,6298,6136,7844,5781,4830,53.38235,3.54259,61.61
2022-04-28,790,651,4,5628,6331,6498,6599,6668,6571,6541,6556,6480,8112,6154,5231,37.38806,3.79066,64.65
2022-04-28,790,756,4,3686,4427,5098,5511,5603,5539,5549,5557,5502,6803,6045,5495,37.14022,10.90763,49.69
2022-04-28,791,609,4,5535,6002,6093,6220,6415,6299,6281,6187,6211,7888,5867,5002,25.04587,2.80278,61.11
2022-04-28,791,660,4,5774,6456,6606,6680,6772,6632,6614,6615,6552,8204,6211,5388,40.17857,3.2634,65.68
2022-04-28,791,693,4,5665,6399,6560,6612,6637,6524,6497,6579,6397,7971,6165,5456,45.35211,3.04765,65.055
2022-04-28,793,631,4,5105,5685,5985,6063,6143,6074,6038,6060,5976,7530,5563,4439,47.61905,4.58071,58.74
2022-04-28,801,640,4,5007,5432,5704,5797,5934,5858,5811,5787,5755,7441,5299,4035,44.71233,4.16144,56.145
2022-04-28,801,684,4,5616,6002,6190,6188,6404,6290,6276,6163,6190,7937,5927,5097,60.6383,2.40779,60.96
2022-04-28,802,728,4,3679,4589,5299,5753,5808,5792,5795,5819,5705,6813,6277,5701,36.59794,12.05218,51.71
2022-04-28,803,750,4,3792,4438,5071,5474,5585,5539,5503,5526,5434,6944,6004,5394,36.66023,10.45198,49.56
2022-04-28,804,615,4,5309,5409,5739,5761,6034,5944,5919,5700,5838,7610,5535,4609,56.25,3.98641,55.85
2022-04-28,804,652,4,5088,5730,5924,5938,5996,5954,5920,5957,5847,7459,5525,4516,55.96154,2.4964,58.34
2022-04-28,805,626,4,5031,5349,5607,5672,5846,5742,5715,5601,5625,7397,5220,3979,47.9257,3.59728,55.105
2022-04-28,807,677,4,4838,5247,5418,5483,5596,5521,5491,5458,5378,7131,5194,4290,43.47458,2.54585,53.65
2022-04-28,808,700,4,5431,6191,6329,6466,6497,6376,6364,6397,6275,7690,6071,5353,30.10909,3.74506,63.285
2022-04-28,816,616,4,5140,5538,5719,5789,5862,5753,5740,5740,5688,7403,5412,4504,43.26693,2.89404,56.635
2022-04-28,816,634,4,5075,5424,5654,5757,5910,5835,5830,5692,5724,7517,5216,3961,41.44144,3.77594,55.905
2022-04-28,817,693,4,5526,6093,6225,6293,6321,6220,6202,6179,6112,7766,5835,5060,39.6,2.62674,61.93
2022-04-28,822,670,4,5043,5039,5241,5293,5570,5472,5431,5264,5392,7412,5218,4229,47.71654,2.62722,51.66
2022-04-28,823,626,4,4969,5432,5673,5745,5834,5761,5752,5724,5670,7447,5091,3755,46.19808,3.54755,55.885
2022-04-28,825,639,4,5299,5394,5731,5789,6037,5975,5948,5732,5889,7734,5390,4171,51.18987,4.47998,55.915
2022-04-28,356,456,5,2418,2619,2878,2864,2940,2950,2913,2822,2825,3367,1302,1098,63.24324,4.71166,27.485
2022-04-28,360,436,5,2476,2761,2967,2928,2975,2972,2949,2931,2916,3359,1337,1095,71.35922,3.59637,28.64
2022-04-28,363,466,5,2436,2679,2919,2912,2980,2980,2947,2886,2886,3420,2067,1441,61.75,4.28725,27.99
2022-04-28,365,517,5,2570,2902,3191,3220,3239,3218,3193,3149,3151,3654,1933,1360,54.5283,5.19438,30.61
2022-04-28,368,493,5,2437,2704,2932,2950,2993,2965,2954,2882,2901,3411,1967,1436,55.60976,4.3509,28.27
2022-04-28,372,563,5,2282,2577,2819,2767,2756,2753,2724,2763,2687,3101,1981,1419,72.89256,4.4848,26.98
2022-04-28,374,433,5,2402,2634,2826,2799,2845,2849,2836,2783,2764,3196,1265,1103,68.4375,3.51648,27.3
2022-04-28,374,540,5,2507,2812,3038,3003,2974,2972,2960,2963,2884,3400,2005,1413,69.29204,3.86325,29.25
2022-04-28,375,458,5,2453,2696,2923,2906,2930,2918,2923,2872,2857,3329,1235,1076,64.49339,4.03986,28.095
2022-04-28,375,506,5,2536,2887,3108,3152,3167,3167,3111,3013,3039,3553,1561,1216,50.03774,4.38814,30.195
2022-04-28,377,443,5,2452,2730,2932,2928,2956,2945,2916,2896,2869,3294,1213,1085,61.18812,3.56764,28.31
2022-04-28,384,461,5,2440,2708,2913,2896,2942,2939,2912,2866,2853,3304,1252,1087,64.97561,3.64704,28.105
2022-04-28,384,490,5,2496,2932,3202,3186,3192,3176,3156,3143,3083,3520,1881,1350,63.55556,4.4017,30.67
2022-04-28,390,447,5,2428,2668,2901,2870,2924,2886,2866,2822,2810,3223,1123,1058,67.98283,4.18388,27.845
2022-04-28,391,517,5,2407,2725,2994,2987,2990,2976,2955,2931,2884,3400,1545,1198,61.56134,4.70362,28.595
2022-04-28,393,455,5,2434,2719,2921,2888,2917,2898,2858,2832,2797,3232,1110,1048,69.80198,3.58156,28.2
2022-04-28,397,470,5,2424,2681,2871,2827,2925,2886,2870,2817,2805,3246,1210,1078,73.89474,3.42219,27.76
2022-04-28,398,534,5,2424,2755,2994,2985,3022,3010,2993,2969,2951,3335,2332,1732,62.25941,4.15724,28.745
2022-04-28,398,572,5,2416,2887,3106,3077,3065,3042,3020,3044,2971,3325,2043,1421,67.94521,3.65426,29.965
2022-04-28,401,478,5,2437,2702,2894,2886,2926,2894,2885,2832,2843,3300,1177,1064,62.5,3.43102,27.98
2022-04-28,405,500,5,2502,2804,3038,3089,3166,3140,3112,3054,3029,3505,1791,1318,49.26316,4.83625,29.465
2022-04-28,409,486,5,2431,2704,2925,2874,2922,2915,2888,2872,2837,3282,1193,1057,73.84615,3.9261,28.145
2022-04-28,416,608,5,2313,2587,2793,2779,2874,2867,2837,2753,2794,3223,2095,1492,64.07767,3.829,26.9
2022-04-28,417,471,5,2380,2668,2859,2845,2886,2877,2847,2834,2808,3203,1454,1141,64.39791,3.45576,27.635
2022-04-28,418,558,5,2449,2700,2961,2896,2935,2931,2909,2894,2858,3342,2139,1499,74.94253,4.61049,28.305
2022-04-28,420,458,5,2307,2553,2724,2678,2731,2732,2719,2658,2671,3154,1787,1310,76.14035,3.24048,26.385
2022-04-28,421,535,5,2443,2825,3054,3065,3073,3060,3034,3001,2975,3391,2014,1427,57.25,4.0747,29.45
2022-04-28,423,496,5,2445,2798,3017,3041,3030,2997,2984,2947,2911,3322,1511,1210,54.07407,4.16167,29.195
2022-04-28,430,583,5,2489,2857,3087,3079,3008,3021,3011,2979,2973,3430,2146,1459,62.08696,3.86945,29.72
2022-04-28,431,488,5,2366,2608,2849,2811,2819,2840,2800,2809,2753,3196,1817,1317,69.46058,4.41635,27.285
2022-04-28,435,623,5,2449,2715,2890,2841,2874,2893,2872,2815,2858,3295,1446,1142,76.8,3.12221,28.025
2022-04-28,442,482,5,2268,2640,2876,2819,2790,2776,2751,2791,2688,3057,1541,1199,74.49153,4.27846,27.58
2022-04-28,442,600,5,2428,2745,2896,2890,2915,2912,2878,2850,2856,3316,1728,1257,62.38411,2.67683,28.205
2022-04-28,443,511,5,2397,2577,2855,2741,2812,2833,2810,2761,2756,3232,1728,1267,84.60432,5.11782,27.16
2022-04-28,443,553,5,2374,2615,2853,2837,2866,2862,2849,2805,2794,3247,1874,1310,64.03361,4.3526,27.34
2022-04-28,485,475,5,2817,3291,3675,3722,3841,3828,3799,3712,3684,4502,3226,1904,53.45708,6.14573,35.065
2022-04-28,489,491,5,2666,2983,3337,3414,3552,3565,3515,3393,3439,4220,3022,1755,49.28074,6.73753,31.985
2022-04-28,492,502,5,2631,2946,3391,3428,3487,3468,3448,3426,3337,4192,3163,1898,55.39419,7.56197,31.87
2022-04-28,495,518,5,2589,3110,3588,3690,3757,3735,3701,3652,3614,4147,3100,1885,49.44828,8.52941,34.0
2022-04-28,498,510,5,2458,2744,3168,3196,3355,3350,3321,3221,3214,4141,3017,1912,56.28319,7.60943,29.7
2022-04-28,499,486,5,2782,3297,3686,3749,3771,3780,3723,3749,3647,4408,3066,1785,51.63717,6.41499,35.23
2022-04-28,501,494,5,2658,3082,3519,3597,3635,3610,3576,3571,3486,4319,2973,1772,50.91262,7.71074,33.395
2022-04-28,508,504,5,2518,2900,3361,3430,3534,3536,3500,3383,3423,4217,2969,1810,52.18868,8.37283,31.65
2022-04-28,509,521,5,2570,2965,3432,3477,3556,3549,3509,3436,3398,4198,2801,1782,54.72656,7.94784,32.21
2022-04-28,514,497,5,2605,2980,3384,3440,3598,3588,3544,3403,3469,4111,3055,1829,52.69565,7.16511,32.1
2022-04-28,518,513,5,2535,3106,3565,3622,3666,3643,3617,3607,3534,4192,3003,1887,53.37209,7.66944,33.64
2022-04-28,523,524,5,2629,3086,3538,3610,3698,3659,3621,3555,3516,4263,2606,1657,51.75573,7.82557,33.48
2022-04-28,524,517,5,2537,2881,3285,3392,3496,3474,3460,3369,3376,4210,2911,1848,47.4364,8.14602,31.365
2022-04-28,533,529,5,2693,3227,3646,3739,3755,3736,3681,3696,3602,4363,2935,1891,49.10156,7.34999,34.83
2022-04-28,538,525,5,2636,3078,3503,3575,3711,3702,3669,3553,3574,4341,2832,1764,51.30785,7.47031,33.265
2022-04-28,539,541,5,2594,2938,3359,3426,3529,3542,3496,3421,3440,4226,3066,1942,51.7623,7.66813,31.82
2022-04-28,542,552,5,2657,3146,3524,3466,3582,3576,3551,3478,3455,4160,3163,2022,69.20635,5.66717,33.35
2022-04-28,544,531,5,2689,3106,3496,3428,3628,3600,3574,3423,3490,4301,3061,2058,70.46154,5.9073,33.01
2022-04-28,553,536,5,2673,3070,3528,3573,3657,3645,3588,3549,3525,4173,2689,1782,54.63221,7.57188,33.215
2022-04-28,553,541,5,2639,3086,3528,3620,3650,3678,3615,3567,3545,4209,2995,1906,49.66292,7.96302,33.53
2022-04-28,553,559,5,2572,2887,3330,3198,3436,3410,3386,3292,3284,4018,2674,1814,77.8781,7.12562,31.085
2022-04-28,561,554,5,2564,2861,3314,3202,3396,3377,3353,3234,3269,3984,2345,1610,74.83444,7.33603,30.875
2022-04-28,563,567,5,2486,2923,3411,3327,3486,3486,3444,3347,3328,3959,2005,1423,70.32787,7.70445,31.67
2022-04-28,571,576,5,2521,2944,3440,3331,3530,3528,3488,3373,3389,3979,2262,1550,73.18548,7.76942,31.92
2022-04-28,573,566,5,2519,2847,3170,3071,3240,3266,3219,3181,3172,3857,2249,1487,78.39009,5.36812,30.085
2022-04-28,583,579,5,2542,3050,3555,3493,3668,3651,3626,3543,3500,3999,2450,1684,67.36634,7.64572,33.025
2022-04-28,583,584,5,2549,3014,3534,3452,3643,3646,3594,3535,3505,4044,2262,1571,69.46154,7.94136,32.74
2022-04-28,292,381,6,1411,1606,2145,1349,1349,1077,1080,1053,1040,1050,1073,1070,139.37186,22.78191,17.47
2022-04-28,300,479,6,2418,2830,3102,3007,2921,2689,2577,2545,2372,1996,1094,1078,80.95588,4.5853,29.66
2022-04-28,306,480,6,2459,2749,2965,2906,2977,2921,2893,2844,2816,2898,1207,1093,76.38889,3.78019,28.57
2022-04-28,312,470,6,2463,2889,3129,3047,3072,2727,2665,2605,2391,2493,1091,1067,80.5,3.98804,30.09
2022-04-28,312,477,6,2506,2727,2973,2948,3053,2982,2948,2844,2831,3296,1192,1080,66.09756,4.31579,28.5
2022-04-28,312,482,6,2404,2766,2973,2956,2990,2973,2926,2925,2877,3288,1364,1136,64.92754,3.6069,28.695
2022-04-28,314,448,6,2349,2660,2940,2553,2487,1889,1842,1636,1565,1846,1086,1072,136.58915,7.04533,27.465
2022-04-28,318,467,6,2512,2938,3156,3132,3151,2985,2937,2791,2737,3087,1194,1099,66.6055,3.57729,30.47
2022-04-28,318,479,6,2481,2832,3102,3116,3157,3070,3037,3013,2946,3356,1268,1113,57.04225,4.77471,29.74
2022-04-28,319,458,6,2556,2895,3158,3118,3201,3156,3080,3042,2998,3128,1381,1152,69.12548,4.34495,30.265
2022-04-28,323,455,6,2583,2853,3100,3110,3141,3127,3082,3040,3038,3525,1427,1168,57.66537,4.30991,29.815
2022-04-28,324,462,6,2517,2870,3102,3089,3157,3061,2995,2941,2870,3337,1202,1090,63.36207,3.8848,29.86
2022-04-28,325,485,6,2353,2757,3013,2993,3033,3021,2983,2931,2910,3220,1793,1351,64.6875,4.43674,28.85
2022-04-28,326,414,6,2359,2634,2861,2684,2669,2286,2228,2106,1963,1942,1094,1075,106.78414,4.13103,27.475
2022-04-28,326,442,6,2529,2827,3044,3029,3088,3075,3044,3001,3005,3356,1517,1187,64.14747,3.69613,29.355
2022-04-28,326,448,6,2549,2847,3037,3057,3096,3068,3050,3017,2971,3476,1320,1099,54.28571,3.55691,29.52
2022-04-28,327,430,6,2486,2764,2986,2932,3009,2925,2891,2763,2778,2999,1454,1189,74.59459,3.86087,28.75
2022-04-28,330,423,6,2468,2708,2940,2910,2951,2921,2878,2862,2813,2930,1149,1065,67.75862,4.10765,28.24
2022-04-28,330,457,6,2518,2919,3143,3116,3129,3073,3042,2959,2932,3439,1368,1143,67.23214,3.69515,30.31
2022-04-28,331,409,6,2522,2870,3094,3081,3116,3068,3041,2993,2944,2900,1300,1139,63.48214,3.75587,29.82
2022-04-28,331,437,6,2481,2679,2917,2896,2961,2951,2919,2850,2855,3337,1702,1277,65.29412,4.25304,27.98
2022-04-28,331,443,6,2521,2817,3046,3025,3075,3060,3012,2973,2984,3444,1492,1182,65.50218,3.90585,29.315
2022-04-28,331,449,6,2555,2844,3067,3065,3103,3092,3052,3026,2992,3505,1347,1117,60.53812,3.77263,29.555
2022-04-28,335,451,6,2561,2823,3079,3108,3149,3130,3095,3054,3046,3513,1352,1124,53.89474,4.80526,29.655
2022-04-28,336,406,6,2634,2942,3141,3160,3198,3182,3144,3112,3081,3612,1361,1164,54.77064,3.5726,30.51
2022-04-28,336,420,6,2495,2762,2986,2964,3009,2976,2944,2908,2898,3330,1179,1074,65.89286,3.89701,28.74
2022-04-28,336,429,6,2465,2798,2986,2954,3002,2992,2964,2943,2901,3309,1357,1126,70.21277,3.25035,28.92
2022-04-28,336,436,6,2446,2621,2851,2795,2871,2877,2844,2807,2791,3300,1660,1238,74.6087,4.20322,27.36
2022-04-28,336,445,6,2534,2787,3035,3025,3054,3054,3034,2989,2983,3452,1420,1142,62.41935,4.2597,29.11
2022-04-28,1058,526,7,2128,2445,3017,3450,3647,3731,3776,3755,3755,4900,4168,3648,34.14925,17.04835,29.475
2022-04-28,1059,453,7,2181,2468,2982,3517,3652,3776,3855,3937,3975,5336,4893,4752,29.39943,17.52715,29.925
2022-04-28,1059,493,7,2240,2660,3258,3767,3904,4015,4034,4060,4027,5121,4290,3921,32.41192,17.22421,32.135
2022-04-28,1062,435,7,1921,2196,2668,3124,3240,3343,3421,3541,3571,4481,4617,4560,30.51724,17.44361,26.6
2022-04-28,1077,595,7,2734,3482,3985,4224,4270,4271,4257,4266,4192,5020,4817,4271,40.67385,9.62886,38.53
2022-04-28,1082,461,7,2173,2421,2977,3325,3588,3660,3714,3628,3742,5108,4232,4072,36.90265,15.73268,28.73
2022-04-28,1083,535,7,2068,2319,2822,3210,3415,3482,3543,3440,3534,4543,3971,3658,33.87205,16.11503,27.645
2022-04-28,1084,435,7,1792,2067,2510,2843,3001,3091,3172,3254,3326,4257,4260,4421,34.25258,15.80448,24.55
2022-04-28,1084,485,7,2513,3318,4153,4890,4762,4894,4922,5205,4901,6049,5063,4588,31.87023,19.15205,41.04
2022-04-28,1088,386,7,2101,2666,3239,3662,3739,3804,3839,3906,3970,4822,4913,5109,34.51807,15.73957,31.64
2022-04-28,1088,511,7,2322,2587,3193,3616,4026,4104,4150,4025,4165,5550,4551,4098,35.33528,16.58875,31.015
2022-04-28,1103,548,7,2097,2311,2836,3152,3400,3474,3541,3466,3561,4817,4117,3808,37.45541,15.39447,27.315
2022-04-28,1111,484,7,1825,2122,2498,2731,2859,2963,3004,3028,3024,3619,3436,3259,37.04433,12.54894,24.265
2022-04-28,1113,572,7,2364,2723,3422,3902,4040,4027,4112,4135,4008,5490,4219,3715,35.57252,17.79623,33.125
2022-04-28,1117,430,7,1859,2094,2564,2993,3187,3274,3354,3450,3519,4640,4600,4767,31.36819,17.6725,25.435
2022-04-28,1118,516,7,1839,2062,2458,2688,2852,2918,2982,2933,2987,3927,3459,3221,37.95527,13.17895,23.75
2022-04-28,1123,446,7,2127,2623,3305,3843,3930,4003,4042,4108,4040,4824,4297,4028,33.54098,18.86792,32.33
2022-04-28,1127,543,7,1966,2300,2792,3148,3211,3298,3354,3494,3392,4368,4049,3751,34.81132,15.56535,27.24
2022-04-28,1136,480,7,1797,2364,2898,3356,3468,3597,3611,3714,3613,3787,3966,3725,32.29839,17.34266,28.6
2022-04-28,1145,434,7,1894,2264,2705,3093,3110,3180,3221,3357,3226,3961,3524,3339,31.91797,15.47508,26.785
2022-04-28,1145,552,7,1884,2252,2805,3126,3244,3357,3407,3490,3435,4009,4049,3767,37.96339,16.25139,26.89
2022-04-28,1148,513,7,1797,2190,2651,2956,3087,3176,3257,3292,3261,3842,3775,3523,36.10966,14.88535,25.73
2024-01-23,246,392,1,2176,1652,2144,1628,1992,1711,1700,1296,1626,2609,1565,1483,122.7907,13.67975,18.86
2024-01-23,250,386,1,1395,1610,2018,1370,1299,1110,1121,1105,1090,1308,1115,1111,142.22222,19.12633,16.94
2024-01-23,252,389,1,1344,1622,2044,1361,1290,1101,1114,1092,1081,1229,1098,1102,142.92826,20.05874,17.025
2024-01-23,254,396,1,1500,1648,2048,1381,1295,1108,1134,1124,1083,1509,1121,1105,144.01799,19.45174,17.145
2024-01-23,256,384,1,1416,1568,2036,1340,1274,1076,1104,1079,1061,1123,1084,1087,139.65517,20.61611,16.88
2024-01-23,259,395,1,1434,1648,2066,1357,1274,1089,1105,1082,1063,1155,1083,1084,144.62623,20.71283,17.115
2024-01-23,259,405,1,1530,1626,2030,1364,1306,1119,1136,1109,1093,1665,1144,1125,143.6036,19.62286,16.97
2024-01-23,260,402,1,1428,1650,2026,1352,1279,1097,1128,1103,1082,1330,1101,1093,146.52819,19.95263,16.89
2024-01-23,261,434,1,1666,1653,2076,1392,1292,1110,1132,1145,1095,1920,1170,1140,142.89474,19.72318,17.34
2024-01-23,261,442,1,1782,1626,2066,1394,1358,1160,1173,1138,1135,2106,1225,1192,140.71429,19.42197,17.3
2024-01-23,263,414,1,1562,1559,1968,1342,1303,1153,1157,1138,1131,1794,1199,1161,140.79872,18.91239,16.55
2024-01-23,263,444,1,1515,1612,2028,1378,1329,1137,1150,1122,1118,1609,1133,1123,141.6,19.08397,17.03
2024-01-23,264,409,1,1357,1598,1973,1340,1265,1099,1115,1094,1076,1277,1109,1094,144.45498,19.10655,16.565
2024-01-23,264,435,1,1443,1598,2002,1371,1290,1118,1136,1118,1095,1438,1109,1116,141.58479,18.70738,16.865
2024-01-23,265,405,1,1373,1614,2028,1339,1253,1089,1100,1087,1072,1150,1095,1082,143.94775,20.46332,16.835
2024-01-23,265,429,1,1413,1580,1990,1340,1261,1097,1120,1099,1093,1440,1106,1093,142.15385,19.51952,16.65
2024-01-23,265,437,1,1429,1610,2010,1360,1277,1101,1124,1108,1085,1391,1107,1104,143.07692,19.28783,16.85
2024-01-23,265,438,1,1434,1613,2019,1364,1281,1111,1126,1110,1087,1403,1113,1105,142.80916,19.36151,16.915
2024-01-23,266,419,1,1564,1583,1908,1428,1449,1282,1301,1230,1263,1747,1300,1268,139.375,14.38849,16.68
2024-01-23,266,427,1,1422,1586,1995,1324,1262,1101,1109,1089,1092,1399,1103,1096,143.42772,20.21693,16.595
2024-01-23,268,415,1,1394,1558,1902,1337,1271,1113,1131,1112,1095,1241,1131,1118,143.46903,17.44366,16.195
2024-01-23,269,410,1,1408,1588,1996,1329,1256,1084,1112,1087,1066,1127,1084,1083,143.29835,20.06015,16.625
2024-01-23,270,412,1,1388,1592,1984,1317,1258,1085,1099,1083,1068,1131,1084,1081,144.73763,20.206,16.505
2024-01-23,270,421,1,1367,1574,1974,1316,1250,1085,1107,1089,1076,1224,1094,1096,143.52584,20.0,16.45
2024-01-23,270,435,1,1390,1602,2020,1338,1261,1087,1101,1094,1074,1104,1087,1086,143.22581,20.30971,16.79
2024-01-23,272,420,1,1362,1564,1954,1320,1250,1089,1110,1077,1077,1166,1092,1090,143.09148,19.36469,16.37
2024-01-23,282,369,2,1623,1968,2366,1679,1518,1087,1100,1088,1042,1079,1058,1071,145.24017,16.98393,20.225
2024-01-23,285,348,2,2273,2282,2568,2112,2077,1347,1357,1260,1166,1377,1070,1074,142.36842,9.74359,23.4
2024-01-23,285,363,2,1921,2172,2454,1884,1731,1144,1172,1120,1078,1110,1061,1057,150.31579,13.1397,21.69
2024-01-23,294,371,2,1672,1698,2216,1568,1581,1091,1109,1076,1046,1095,1050,1049,132.03704,17.12474,18.92
2024-01-23,307,372,2,1671,1950,2446,1860,1914,1204,1212,1163,1079,1106,1048,1046,129.21502,13.60892,21.53
2024-01-23,308,376,2,1571,1868,2440,1790,1820,1156,1171,1136,1067,1072,1046,1038,127.2,15.36643,21.15
2024-01-23,308,456,2,1447,1698,2180,1460,1411,1063,1077,1066,1050,1069,1053,1053,139.83333,19.78022,18.2
2024-01-23,308,459,2,1459,1736,2224,1527,1467,1085,1097,1065,1054,1078,1056,1058,137.99139,18.58171,18.755
2024-01-23,315,385,2,1619,1902,2464,1810,1799,1137,1147,1124,1056,1060,1047,1055,128.44037,15.30182,21.37
2024-01-23,317,451,2,1494,1778,2254,1578,1504,1092,1100,1083,1047,1071,1058,1062,137.75148,17.64092,19.16
2024-01-23,318,386,2,1607,1932,2482,1856,1824,1143,1159,1123,1059,1059,1050,1048,127.28435,14.43061,21.69
2024-01-23,320,378,2,1634,1770,2388,1806,2034,1284,1297,1227,1091,1073,1048,1054,116.50485,14.86291,20.79
2024-01-23,324,391,2,1509,1820,2462,1767,1791,1134,1157,1111,1048,1059,1056,1046,124.57554,16.43415,21.145
2024-01-23,327,393,2,1512,1850,2478,1812,1807,1132,1144,1120,1054,1059,1053,1041,123.42342,15.52448,21.45
2024-01-23,329,445,2,1540,1768,2288,1665,1660,1114,1135,1105,1064,1083,1062,1056,129.91974,15.76018,19.765
2024-01-23,330,439,2,1521,1833,2360,1652,1582,1092,1111,1085,1054,1075,1063,1048,135.33898,17.64706,20.06
2024-01-23,330,441,2,1531,1731,2268,1622,1595,1096,1117,1094,1054,1078,1064,1051,130.12384,16.60668,19.45
2024-01-23,332,398,2,1605,1928,2456,1846,1789,1133,1147,1118,1058,1065,1052,1053,128.06557,14.17945,21.51
2024-01-23,333,399,2,1631,1984,2516,1872,1803,1137,1153,1124,1060,1066,1053,1051,130.43478,14.67639,21.94
2024-01-23,333,433,2,1572,1891,2440,1767,1703,1109,1129,1109,1061,1068,1059,1050,131.05498,15.99715,21.035
2024-01-23,334,430,2,1597,1916,2454,1772,1718,1113,1136,1112,1060,1066,1059,1055,132.66862,16.13819,21.13
2024-01-23,335,411,2,1650,2023,2548,1971,1877,1165,1178,1143,1059,1070,1057,1063,125.40728,12.76831,22.595
2024-01-23,335,412,2,1641,1974,2544,1947,1872,1163,1172,1136,1060,1070,1057,1060,122.71357,13.29325,22.455
2024-01-23,335,423,2,1609,2006,2526,1874,1785,1133,1154,1118,1057,1063,1059,1043,132.14724,14.81818,22.0
2024-01-23,851,267,3,2366,2532,2930,3322,3521,3531,3541,3406,3479,3405,3565,3233,30.22785,13.49505,29.27
2024-01-23,858,228,3,2599,2840,3300,3802,4008,4001,4028,3986,3970,3818,4097,3721,28.69023,14.48359,33.21
2024-01-23,861,177,3,2956,3178,3746,4344,4531,4550,4551,4468,4447,4432,4677,4196,29.22813,15.5012,37.61
2024-01-23,875,309,3,2676,2810,3264,3798,3990,4015,4037,3950,3994,4078,4336,3934,27.57085,14.95157,33.04
2024-01-23,886,117,3,2749,2938,3438,3902,4156,4143,4166,4042,4122,4143,4723,4357,31.12033,14.09357,34.2
2024-01-23,900,223,3,2699,2928,3398,3898,4045,4029,4049,4016,3952,3876,3928,3556,29.07216,14.21037,34.13
2024-01-23,903,274,3,2955,3054,3598,4176,4379,4399,4410,4304,4364,4485,4501,4022,29.09091,15.51867,36.15
2024-01-23,912,157,3,2554,2822,3372,3812,3933,3943,3983,3916,3909,3833,4180,3752,33.33333,14.92312,33.17
2024-01-23,928,119,3,2563,2688,3110,3634,3888,3896,3943,3806,3921,3944,4542,4159,26.76533,14.96362,31.61
2024-01-23,936,155,3,2598,2896,3436,4016,4068,4111,4163,4184,4115,4014,4696,4226,28.92857,16.2037,34.56
2024-01-23,943,215,3,3257,3576,4292,5068,5354,5404,5414,5300,5293,5163,5476,4708,28.79357,17.26053,43.22
2024-01-23,948,337,3,2673,2898,3382,3874,4157,4188,4216,4024,4178,4164,4397,4033,29.7541,14.41229,33.86
2024-01-23,967,241,3,2583,2932,3370,3976,4094,4112,4142,4128,4091,3895,4397,3996,25.17241,15.11291,34.54
2024-01-23,987,158,3,2837,2988,3526,4168,4509,4546,4574,4328,4482,4513,5014,4400,27.35593,16.48966,35.78
2024-01-23,992,902,3,2616,2874,3356,3980,4061,4085,4142,4176,4072,3918,4254,3870,26.14828,16.13656,34.27
2024-01-23,995,195,3,2592,2720,3214,3690,3883,3894,3910,3858,3863,3908,4125,3716,30.5567,15.13261,32.05
2024-01-23,998,107,3,2510,2694,3216,3702,3934,3947,3976,3866,3890,3856,4318,3943,31.07143,15.75985,31.98
2024-01-23,1000,873,3,2668,2970,3472,4082,4135,4170,4182,4264,4136,4039,4333,3938,27.08633,15.76858,35.26
2024-01-23,1006,928,3,2495,2512,2870,3314,3601,3583,3647,3478,3612,3698,3880,3536,26.78304,13.76588,29.13
2024-01-23,1009,862,3,2486,2614,3004,3518,3781,3776,3831,3788,3817,3732,4040,3703,25.88496,14.74234,30.66
2024-01-23,1014,859,3,2525,2702,3082,3620,3724,3745,3784,3774,3759,3800,3981,3643,24.8366,14.52072,31.61
2024-01-23,1017,905,3,2462,2594,2920,3450,3575,3584,3632,3668,3627,3661,3797,3473,22.85047,14.16281,30.22
2024-01-23,1024,936,3,2330,2356,2614,3024,3291,3298,3356,3196,3336,3335,3579,3349,23.17365,12.41636,26.9
2024-01-23,1026,875,3,2534,2610,2970,3562,3757,3757,3813,3784,3815,3906,4107,3758,22.68908,15.4245,30.86
2024-01-23,1029,258,3,2490,2688,3068,3498,3629,3643,3668,3676,3656,3635,3975,3637,28.14815,13.09408,30.93
2024-01-23,1030,821,3,2539,2712,3110,3644,3930,3918,3935,3932,3937,3897,4129,3792,25.62232,14.66331,31.78
2024-01-23,1039,835,3,2558,2734,3148,3706,3831,3834,3889,3946,3876,3893,4082,3705,25.55556,15.09317,32.2
2024-01-23,1040,906,3,2435,2584,2994,3512,3635,3644,3682,3696,3676,3701,3849,3505,26.50862,15.2231,30.48
2024-01-23,1041,857,3,2452,2652,3046,3580,3688,3705,3759,3800,3750,3719,3998,3675,25.47414,14.89089,31.16
2024-01-23,1042,910,3,2454,2682,3070,3624,3661,3658,3716,3714,3686,3692,3864,3532,24.71338,14.93815,31.53
2024-01-23,1042,947,3,2412,2510,2840,3232,3378,3383,3412,3280,3371,3448,3725,3513,27.42382,12.57402,28.71
2024-01-23,1053,833,3,2437,2764,3198,3742,3811,3813,3867,3986,3865,3708,4065,3790,26.62577,15.03228,32.53
2024-01-23,1057,889,3,2450,2660,3058,3588,3864,3902,3945,3818,3947,3728,4179,3828,25.73276,14.85275,31.24
2024-01-23,1059,826,3,2528,2524,2890,3410,3835,3822,3868,3708,3903,3873,4148,3819,24.78555,14.93091,29.67
2024-01-23,1061,859,3,2457,2766,3178,3786,3750,3784,3850,3964,3821,3687,4034,3701,24.23529,15.56777,32.76
2024-01-23,1067,956,3,2292,2312,2610,3000,3158,3162,3187,3178,3211,3278,3402,3120,25.98837,12.95181,26.56
2024-01-23,1069,928,3,2400,2584,2914,3368,3560,3547,3600,3486,3541,3529,3879,3600,25.2551,13.17204,29.76
2024-01-23,1074,841,3,2436,2628,2998,3532,3624,3651,3707,3730,3727,3770,4046,3735,24.55752,14.67532,30.8
2024-01-23,1077,873,3,2389,2472,2852,3314,3609,3687,3732,3578,3739,3682,4020,3705,27.07838,14.55237,28.93
2024-01-23,1082,901,3,2443,2802,3220,3832,3825,3863,3919,4038,3891,3752,4107,3741,24.34951,15.52608,33.17
2024-01-23,1092,923,3,2415,2680,3088,3576,3681,3673,3711,3754,3669,3634,3993,3649,27.32143,14.32225,31.28
2024-01-23,1092,970,3,2325,2606,3080,3608,3761,3798,3852,3764,3812,3409,4295,3958,28.38323,16.12488,31.07
2024-01-23,824,510,4,6061,6780,7040,7264,7436,7255,7169,7268,7062,9168,7003,6331,32.2314,8.12626,70.22
2024-01-23,859,541,4,5764,6488,6844,6884,6775,6626,6574,6860,6476,8635,6133,5222,53.93939,5.97465,66.86
2024-01-23,870,487,4,5153,5108,5396,5512,5717,5608,5571,5444,5469,5565,5123,4035,42.77228,4.30704,53.1
2024-01-23,876,516,4,4769,4688,4940,5108,5227,5140,5097,4996,5016,5172,4785,3751,36.0,4.28746,48.98
2024-01-23,881,551,4,5041,5428,5604,5812,5803,5687,5648,5712,5561,5407,5297,4302,27.5,4.38356,56.2
2024-01-23,898,528,4,4707,4604,4796,4964,5167,5089,5071,4892,4950,5056,4790,3685,32.0,3.76254,47.84
2024-01-23,907,645,4,5993,5864,5832,6092,6176,6060,5987,6020,5899,6195,5668,4698,352.61538,3.21942,59.62
2024-01-23,909,506,4,5448,5204,5356,5540,5701,5599,5570,5488,5491,5734,5283,4267,27.14286,3.63008,53.72
2024-01-23,913,536,4,5125,4700,4984,5040,5448,5356,5289,5096,5209,5433,5148,4195,50.11765,3.49076,48.7
2024-01-23,917,565,4,6043,6244,6416,6600,6821,6639,6525,6572,6361,8976,6074,5148,28.98876,4.97485,64.22
2024-01-23,397,427,5,3583,3902,4144,4284,4315,4232,4177,4192,4051,4018,3771,2436,38.01047,4.6665,40.93
2024-01-23,398,457,5,5555,5864,6128,6412,6547,6426,6355,6304,6237,6120,5271,4003,28.90511,7.09477,61.38
2024-01-23,400,379,5,4144,4460,4740,4876,5009,4889,4832,4808,4666,4603,3745,2117,40.38462,4.45587,46.68
2024-01-23,400,420,5,3555,3724,4108,4376,4479,4395,4333,4216,4184,4200,3658,2003,35.33742,8.04938,40.5
2024-01-23,401,438,5,3837,4012,4228,4312,4289,4232,4167,4188,4078,4020,4081,3136,43.2,3.60404,41.62
2024-01-23,403,370,5,3844,4000,4308,4396,4643,4588,4524,4432,4425,4321,3950,2561,46.66667,4.71653,41.98
2024-01-23,407,374,5,3982,4212,4520,4640,4757,4705,4665,4636,4491,4489,4018,2575,43.17757,4.83507,44.26
2024-01-23,408,381,5,4169,4364,4672,4852,4921,4839,4780,4760,4596,4606,3732,2065,37.86885,5.29514,46.08
2024-01-23,408,408,5,4323,4692,4936,4996,5232,5150,5062,4972,4950,4715,4676,3392,48.15789,3.1379,48.44
2024-01-23,408,428,5,3666,3796,3940,4094,4148,4058,3997,3920,3907,4054,3724,2491,28.99329,3.77693,39.45
2024-01-23,410,366,5,3564,3722,4018,4136,4369,4280,4231,4132,4134,4090,3573,2163,42.89855,5.26852,39.29
2024-01-23,412,385,5,4051,4396,4628,4768,4886,4806,4734,4672,4585,4539,3820,2198,37.41935,4.05936,45.82
2024-01-23,415,426,5,3658,3822,4084,4332,4475,4404,4315,4212,4193,4154,3803,2211,30.82353,6.2546,40.77
2024-01-23,416,374,5,3881,4108,4380,4528,4718,4647,4568,4492,4462,4392,4003,2580,38.85714,4.86336,43.18
2024-01-23,416,414,5,3856,3912,4288,4452,4511,4409,4345,4356,4204,4314,3825,2313,41.77778,6.45624,41.82
2024-01-23,416,435,5,3868,3884,4040,4236,4349,4244,4188,4078,4084,4159,4046,3019,26.59091,4.33498,40.6
2024-01-23,417,406,5,4055,4360,4620,4768,4920,4829,4746,4712,4623,4353,4438,3288,38.23529,4.46976,45.64
2024-01-23,421,366,5,3351,3530,3854,3964,4115,4060,4016,3958,3888,3891,3242,1859,44.79263,5.7913,37.47
2024-01-23,421,378,5,3876,3916,4256,4444,4643,4583,4540,4344,4401,4417,3893,2390,38.63636,6.31579,41.8
2024-01-23,422,358,5,3168,3230,3586,3624,3893,3836,3789,3680,3682,3750,3026,1720,54.2132,5.74847,34.27
2024-01-23,425,386,5,3908,4212,4492,4648,4736,4649,4599,4520,4453,4432,3636,2013,38.53211,4.92099,44.3
2024-01-23,425,425,5,3523,3664,3976,4248,4365,4279,4217,4136,4087,4139,3677,2051,32.05479,7.38119,39.56
2024-01-23,426,409,5,4292,4560,4772,4892,5118,5039,4936,4836,4845,4659,4642,3476,38.31325,3.51248,47.26
2024-01-23,430,416,5,3717,3266,3600,3696,4029,3937,3903,3622,3762,4112,3477,2271,46.60465,6.17639,34.81
2024-01-23,430,437,5,3937,3946,4140,4188,4297,4217,4161,4074,4078,4254,4048,2986,48.09917,2.97517,40.67
2024-01-23,431,353,5,3204,3514,3820,3934,4052,4007,3952,3918,3812,3790,3059,1699,43.71429,5.6391,37.24
2024-01-23,432,366,5,3276,3410,3802,3880,4093,4033,3991,3884,3871,3848,3296,1870,50.04255,6.44719,36.45
2024-01-23,432,408,5,4254,4276,4584,4800,4981,4880,4810,4724,4664,4620,4255,2875,35.26718,5.77347,45.38
2024-01-23,433,374,5,3550,3832,4112,4200,4344,4288,4240,4184,4144,4073,3713,2301,45.65217,4.58167,40.16
2024-01-23,433,379,5,3659,3852,4168,4272,4428,4353,4308,4204,4180,4186,3565,2149,45.14286,5.16987,40.62
2024-01-23,434,431,5,3533,3776,4108,4228,4378,4303,4247,4144,4082,4024,3710,2182,44.0708,5.64718,40.02
2024-01-23,439,407,5,4018,4196,4520,4720,4929,4832,4777,4652,4619,4549,3914,2372,37.09924,5.87707,44.58
2024-01-23,440,362,5,3112,3248,3624,3668,3862,3808,3774,3702,3659,3713,3152,1813,53.71429,6.07287,34.58
2024-01-23,441,425,5,3470,3626,3990,4260,4421,4342,4274,4196,4143,4116,3614,2017,34.44795,8.03956,39.43
2024-01-23,442,369,5,3261,3396,3744,3800,3982,3950,3907,3844,3800,3816,3437,2022,51.68317,5.61423,35.98
2024-01-23,443,347,5,3206,3390,3784,3796,4099,4025,3991,3856,3865,3816,3138,1762,58.2266,5.64987,35.93
2024-01-23,444,412,5,4030,4032,4416,4580,4828,4731,4669,4532,4529,4467,4081,2627,42.0438,6.36321,43.06
2024-01-23,445,438,5,3843,3976,4164,4240,4439,4336,4254,4136,4139,4135,4132,3121,42.72727,3.21324,41.08
2024-01-23,446,378,5,3612,3690,4032,4094,4244,4189,4129,4078,4009,4045,3548,2133,50.79208,5.19013,38.92
2024-01-23,448,428,5,3331,3492,3856,4064,4288,4209,4164,4060,4008,4010,3593,2029,38.18182,7.57014,37.78
2024-01-23,449,405,5,3575,3990,4328,4580,4778,4686,4614,4472,4466,4126,3699,2115,34.37288,6.88448,42.85
2024-01-23,450,361,5,3168,3326,3680,3774,3939,3862,3826,3728,3753,3726,3255,1869,47.41071,6.30986,35.5
2024-01-23,451,412,5,3899,4042,4248,4452,4602,4532,4463,4288,4361,4422,4216,2985,30.14634,4.82694,42.47
2024-01-23,310,347,6,2732,2772,2864,2920,3026,2881,2841,2776,2737,2962,1327,1127,37.2973,2.60014,28.46
2024-01-23,311,337,6,2733,2860,2938,3006,3071,2961,2919,2854,2845,2836,1771,1316,32.05479,2.48892,29.33
2024-01-23,313,491,6,2552,2622,2814,2766,2874,2428,2428,2264,2104,1612,1103,1082,75.0,3.53201,27.18
2024-01-23,316,475,6,2750,2860,2976,3036,3116,2951,2909,2842,2795,2465,1335,1106,39.54545,2.98507,29.48
2024-01-23,318,345,6,2702,2726,2816,2860,2951,2861,2824,2728,2744,2897,1606,1245,40.29851,2.39885,27.93
2024-01-23,319,482,6,2771,2842,2976,3068,3127,3021,2981,2898,2896,2747,1440,1130,35.57522,3.82403,29.55
2024-01-23,320,333,6,2719,2766,2890,2944,3021,2937,2886,2816,2824,2873,1669,1242,41.79775,3.11734,28.55
2024-01-23,320,495,6,2573,2674,2882,2914,3014,2694,2669,2590,2435,2174,1150,1098,52.0,4.29492,27.94
2024-01-23,326,471,6,2727,2786,2932,2964,3095,2923,2868,2818,2741,2619,1470,1214,49.21348,3.09565,28.75
2024-01-23,326,482,6,2772,2890,2996,3088,3135,3056,3017,2948,2938,2932,1946,1360,32.12121,3.31214,29.89
2024-01-23,327,344,6,2710,2780,2852,2916,2970,2883,2850,2780,2790,2789,1633,1230,31.76471,2.38764,28.48
2024-01-23,332,329,6,2682,2754,2842,2920,2985,2906,2887,2808,2801,2816,1725,1278,31.80723,2.92563,28.37
2024-01-23,333,478,6,2770,2876,3020,3094,3131,3056,3021,2980,2945,2954,2360,1687,39.63303,3.65159,29.85
2024-01-23,334,464,6,2625,2772,2918,2946,3070,2847,2803,2686,2619,2461,1278,1152,50.34483,3.04302,28.59
2024-01-23,337,336,6,2691,2732,2848,2910,2961,2898,2863,2810,2795,2796,1803,1291,39.10112,3.15491,28.21
2024-01-23,343,456,6,1981,2076,2570,2278,2706,2126,2119,1948,1743,1629,1119,1089,95.46559,10.6328,23.23
2024-01-23,346,321,6,2667,2728,2874,2922,2985,2896,2870,2790,2783,2791,1764,1310,45.15464,3.43363,28.25
2024-01-23,354,334,6,2706,2770,2860,2948,2993,2918,2900,2842,2822,2808,1864,1341,30.33708,3.11298,28.59
2024-01-23,363,326,6,2657,2766,2842,2946,3001,2907,2878,2820,2815,2807,1757,1295,25.33333,3.15126,28.56
2024-01-23,368,335,6,2640,2780,2858,2954,3002,2922,2884,2838,2810,2921,1747,1305,26.89655,3.03453,28.67
2024-01-23,373,314,6,2653,2750,2898,2966,2991,2911,2892,2846,2814,2890,1770,1281,41.11111,3.77887,28.58
2024-01-23,374,329,6,2595,2714,2824,2940,2948,2871,2841,2810,2756,2774,1578,1218,29.20354,3.99717,28.27
2024-01-23,386,314,6,2510,2610,2756,2858,2957,2894,2857,2782,2772,2844,1691,1247,35.32258,4.53548,27.34
2024-01-23,386,344,6,2586,2654,2824,2956,3046,2939,2909,2826,2796,3172,1419,1142,33.77483,5.38324,28.05
2024-01-23,388,329,6,2536,2582,2686,2766,2821,2718,2688,2610,2588,3019,1245,1112,33.91304,3.44054,26.74
2024-01-23,1044,427,7,2560,2722,3202,3814,4011,4046,4133,4128,4188,4250,4862,4597,26.37363,16.70747,32.68
2024-01-23,1046,354,7,2942,3320,3908,4636,4819,4821,4833,4808,4811,4676,5302,4867,26.80851,16.54098,39.78
2024-01-23,1048,291,7,3080,3564,4596,5620,5682,5735,5768,6048,5691,5129,5736,5301,30.11673,22.38676,45.92
2024-01-23,1052,237,7,2447,2584,2930,3324,3503,3502,3543,3530,3543,3553,3929,3600,28.05405,12.52539,29.54
2024-01-23,1059,205,7,2431,2650,3032,3470,3538,3556,3613,3622,3625,3616,4017,3649,27.95122,13.39869,30.6
2024-01-23,1080,482,7,3030,3374,4072,4848,5100,5105,5127,5068,5021,4916,5000,4448,28.41248,17.92751,41.11
2024-01-23,1088,269,7,2955,3116,3642,4236,4686,4686,4672,4296,4581,4567,4668,4174,28.17857,15.23395,36.76
2024-01-23,1092,362,7,2626,2776,3274,3796,4025,4058,4075,3912,4090,4200,4781,4685,29.29412,15.52039,32.86
2024-01-23,1100,473,7,2928,3632,4548,5416,5263,5314,5363,5920,5248,4746,5099,4694,30.80717,19.71706,45.24
2024-01-23,1103,233,7,2970,3216,3858,4584,4869,4879,4898,4804,4809,4733,5165,4592,28.15789,17.53846,39.0
2024-01-23,1120,244,7,3107,3190,3758,4412,4713,4782,4816,4500,4749,5021,4927,4436,27.88871,16.07472,38.01
2024-01-23,1126,346,7,2926,3322,3908,4676,4869,4873,4927,4912,4863,4680,5239,4744,25.9675,16.92923,39.99
2024-01-23,1127,427,7,2818,2964,3552,4340,4698,4734,4811,4752,4846,4748,5311,5117,25.63953,18.83899,36.52
2024-01-23,1129,465,7,2685,2842,3262,3744,3861,3851,3873,3864,3880,4002,3998,3659,27.93792,13.69572,32.93
