Fecha,i,j,Ng,B01,B02,B03,B04,B05,B06,B07,B08,B8A,B09,B11,B12
2020-04-03,265,387,1,521,689,1078,436,415,217,240,212,208,926,300,292
2020-04-03,268,395,1,561,644,1070,468,485,250,264,229,228,880,328,335
2020-04-03,271,390,1,371,665,1074,389,362,191,206,201,160,377,237,240
2020-04-03,272,396,1,478,658,1092,411,382,210,229,186,200,632,272,262
2020-04-03,273,386,1,361,625,1044,348,326,178,197,160,165,312,224,212
2020-04-03,274,415,1,497,527,989,482,492,204,227,219,190,643,271,252
2020-04-03,275,380,1,341,638,1054,348,319,164,170,169,134,273,206,197
2020-04-03,277,387,1,346,628,1048,347,336,176,195,164,155,302,215,209
2020-04-03,277,393,1,384,628,1062,362,335,178,199,164,173,427,222,221
2020-04-03,277,410,1,407,573,972,339,325,182,182,183,151,598,241,233
2020-04-03,277,423,1,389,571,1002,334,345,193,193,174,170,407,225,220
2020-04-03,281,417,1,268,547,991,321,316,172,181,152,147,300,212,213
2020-04-03,282,374,1,316,561,999,308,293,141,162,127,126,248,183,180
2020-04-03,282,390,1,319,578,1020,352,331,172,181,166,137,302,212,200
2020-04-03,283,383,1,310,561,1006,335,323,159,173,153,136,261,202,191
2020-04-03,283,427,1,313,576,1012,343,310,180,182,164,150,305,220,212
2020-04-03,284,408,1,292,485,951,292,304,164,172,142,155,418,219,222
2020-04-03,285,421,1,284,531,981,315,317,173,183,153,148,287,214,198
2020-04-03,287,384,1,296,553,1011,337,311,145,163,147,135,261,190,183
2020-04-03,288,391,1,303,588,1036,345,311,160,163,133,121,292,194,186
2020-04-03,290,412,1,266,517,938,294,284,148,158,134,143,283,189,194
2020-04-03,290,421,1,280,555,957,325,311,169,166,154,146,271,205,199
2020-04-03,291,398,1,297,532,953,287,319,169,182,149,163,368,217,225
2020-04-03,291,406,1,279,497,913,296,292,153,152,121,129,344,197,187
2020-04-03,292,392,1,288,565,1006,318,296,147,150,147,116,266,187,182
2020-04-03,293,385,1,294,589,995,307,297,132,152,122,116,243,184,175
2020-04-03,295,419,1,283,541,955,307,293,148,167,151,125,261,189,185
2020-04-03,297,388,1,288,556,998,295,281,137,147,125,127,246,174,174
2020-04-03,297,419,1,285,557,956,309,284,144,161,154,136,259,186,183
2020-04-03,298,409,1,273,506,972,286,284,135,150,125,124,247,173,172
2020-04-03,299,394,1,280,548,968,296,287,136,145,145,114,254,172,182
2020-04-03,299,401,1,264,519,984,292,295,136,148,128,124,256,180,181
2020-04-03,299,435,1,312,579,981,325,302,153,157,156,137,282,198,198
2020-04-03,302,385,1,280,533,980,288,274,129,149,124,104,235,167,165
2020-04-03,314,390,1,282,578,1016,289,285,129,146,123,112,219,171,166
2020-04-03,314,412,1,295,606,1054,307,282,130,135,114,102,224,160,155
2020-04-03,267,358,2,870,1084,1466,870,770,243,249,238,178,598,248,236
2020-04-03,275,355,2,858,1034,1450,813,739,226,239,178,166,318,209,201
2020-04-03,278,458,2,885,1106,1528,1048,1000,337,359,320,224,914,333,298
2020-04-03,282,351,2,776,805,1264,564,591,204,207,159,150,298,195,188
2020-04-03,286,454,2,598,865,1290,606,515,191,212,174,169,325,227,231
2020-04-03,292,347,2,983,1234,1480,827,689,254,270,204,180,389,195,184
2020-04-03,297,459,2,697,1050,1438,747,628,193,209,191,163,304,224,218
2020-04-03,298,354,2,544,820,1260,530,481,139,159,130,111,228,166,161
2020-04-03,305,355,2,489,827,1250,519,454,138,155,106,106,220,157,158
2020-04-03,306,458,2,704,949,1390,714,586,184,194,178,149,295,205,201
2020-04-03,307,349,2,812,998,1410,794,724,204,209,159,135,255,178,160
2020-04-03,309,353,2,555,815,1308,552,494,145,156,114,108,227,167,156
2020-04-03,313,346,2,962,1066,1472,869,782,214,211,170,135,281,170,155
2020-04-03,314,453,2,610,907,1328,597,508,159,168,156,132,281,200,185
2020-04-03,315,354,2,526,825,1268,532,468,139,142,118,118,214,160,143
2020-04-03,318,348,2,873,1034,1422,852,758,215,221,207,138,251,162,159
2020-04-03,323,447,2,631,971,1334,610,527,172,192,161,140,263,186,187
2020-04-03,324,352,2,930,1230,1498,888,772,225,220,192,129,257,154,146
2020-04-03,332,354,2,1166,1378,1622,1230,1087,378,389,320,190,249,143,133
2020-04-03,332,440,2,565,794,1224,513,458,141,159,146,120,225,170,159
2020-04-03,338,435,2,559,857,1260,554,469,144,144,128,118,200,154,146
2020-04-03,341,366,2,932,1166,1454,969,863,243,264,195,132,208,137,130
2020-04-03,341,402,2,575,875,1274,554,470,127,133,108,87,205,143,140
2020-04-03,341,410,2,599,940,1374,604,521,136,145,129,101,213,144,141
2020-04-03,342,425,2,531,835,1274,517,458,141,143,137,102,195,147,135
2020-04-03,344,391,2,580,871,1262,579,492,129,136,122,98,189,133,131
2020-04-03,344,417,2,694,959,1396,637,550,137,159,141,99,210,141,139
2020-04-03,346,373,2,896,1136,1498,985,887,237,252,204,126,218,141,136
2020-04-03,349,424,2,931,1158,1470,987,932,276,279,212,143,255,139,140
2020-04-03,351,379,2,945,1190,1522,980,860,238,247,197,132,213,139,133
2020-04-03,105,666,3,1248,1444,1884,2404,2528,2541,2610,2668,2677,2673,3408,3148
2020-04-03,107,647,3,1275,1456,1904,2478,2618,2678,2714,2744,2786,2773,3542,3246
2020-04-03,111,627,3,1297,1470,1944,2530,2709,2753,2849,2872,2901,2936,3703,3367
2020-04-03,119,639,3,1267,1456,1874,2414,2580,2633,2710,2718,2771,2776,3599,3284
2020-04-03,121,657,3,1263,1490,1930,2462,2566,2605,2675,2758,2710,2687,3504,3227
2020-04-03,124,619,3,1261,1458,1918,2450,2600,2639,2712,2802,2830,2844,3754,3486
2020-04-03,135,630,3,1245,1528,1936,2524,2650,2688,2762,2898,2869,2791,3733,3422
2020-04-03,138,607,3,1283,1476,1936,2502,2651,2675,2750,2820,2875,2881,3841,3535
2020-04-03,138,648,3,1289,1448,1854,2354,2529,2558,2616,2622,2699,2733,3536,3233
2020-04-03,152,590,3,1285,1570,2048,2578,2690,2738,2819,2898,2908,2872,3811,3455
2020-04-03,152,618,3,1287,1472,1888,2464,2616,2647,2746,2806,2886,2875,3842,3556
2020-04-03,152,642,3,1232,1412,1828,2322,2445,2479,2553,2626,2629,2673,3529,3254
2020-04-03,165,605,3,1311,1526,1932,2430,2584,2608,2703,2750,2779,2798,3688,3354
2020-04-03,168,627,3,1297,1482,1870,2366,2525,2526,2632,2722,2765,2809,3693,3430
2020-04-03,169,568,3,1294,1640,2092,2614,2743,2753,2858,2932,2917,2794,3709,3373
2020-04-03,175,612,3,1332,1570,1968,2460,2600,2624,2703,2752,2800,2802,3654,3360
2020-04-03,181,585,3,1281,1498,1908,2368,2543,2566,2647,2658,2735,2730,3586,3287
2020-04-03,186,568,3,1334,1548,2002,2508,2642,2652,2746,2872,2816,2796,3643,3301
2020-04-03,164,876,4,3307,3676,4184,4528,4654,4552,4467,4412,4388,5396,4577,3953
2020-04-03,167,863,4,3428,4030,4480,4656,4703,4588,4482,4488,4428,5510,4684,4050
2020-04-03,168,802,4,3608,3736,4176,4472,4693,4582,4513,4376,4427,5620,4732,4073
2020-04-03,174,791,4,3519,3986,4484,4676,4802,4659,4577,4592,4508,5469,4729,4128
2020-04-03,174,812,4,3887,4384,4732,4864,4922,4780,4718,4804,4628,5765,5016,4403
2020-04-03,176,935,4,3593,3980,4376,4640,4797,4673,4583,4492,4512,5517,4713,4085
2020-04-03,177,846,4,3909,4520,5020,4932,5025,4867,4769,4740,4747,5778,5134,4482
2020-04-03,177,943,4,3737,4082,4488,4716,4833,4702,4617,4568,4540,5629,4797,4192
2020-04-03,181,829,4,3906,4128,4488,4616,4759,4633,4554,4588,4462,5709,4845,4247
2020-04-03,183,928,4,3750,4100,4464,4688,4879,4753,4681,4528,4588,5594,4823,4184
2020-04-03,185,950,4,3726,4008,4424,4716,4821,4703,4625,4616,4522,5687,4801,4141
2020-04-03,187,822,4,3733,3926,4396,4620,4718,4591,4508,4476,4429,5596,4631,4015
2020-04-03,188,789,4,3662,4176,4640,4888,4968,4865,4774,4776,4685,5673,4931,4246
2020-04-03,189,809,4,3783,3934,4336,4400,4604,4445,4399,4344,4321,5673,4663,4050
2020-04-03,190,911,4,3546,3894,4324,4564,4671,4526,4447,4432,4380,5426,4611,4010
2020-04-03,190,939,4,3763,3920,4344,4584,4781,4636,4542,4464,4466,5667,4762,4097
2020-04-03,191,899,4,3498,3670,4086,4332,4536,4412,4346,4256,4240,5438,4527,3935
2020-04-03,198,799,4,3782,4078,4528,4776,4861,4740,4639,4660,4546,5701,4810,4147
2020-04-03,199,949,4,3779,4070,4516,4812,4938,4803,4687,4648,4626,5737,4855,4195
2020-04-03,200,913,4,3797,4124,4508,4796,4855,4710,4628,4588,4532,5694,4784,4141
2020-04-03,204,899,4,4024,4364,4820,5028,5203,5079,4987,4908,4933,5954,5211,4535
2020-04-03,206,883,4,3802,4204,4620,4832,4902,4764,4679,4676,4573,5771,4788,4141
2020-04-03,207,809,4,3904,4140,4520,4748,4893,4744,4661,4592,4567,5706,4784,4144
2020-04-03,209,790,4,3773,4156,4612,4864,4960,4835,4739,4760,4657,5662,4807,4097
2020-04-03,209,818,4,3834,4012,4460,4664,4829,4724,4631,4544,4538,5690,4784,4115
2020-04-03,212,866,4,3781,4204,4604,4904,5015,4886,4781,4728,4689,5789,4847,4178
2020-04-03,212,944,4,3740,4184,4604,4860,4979,4830,4757,4748,4665,5687,4925,4222
2020-04-03,213,908,4,4030,4408,4796,4988,5089,4940,4845,4844,4734,5906,4954,4279
2020-04-03,215,885,4,3934,4288,4768,5036,5124,4977,4886,4844,4826,5928,4963,4296
2020-04-03,323,713,5,2148,2182,2294,2318,2416,2343,2268,2164,2182,2826,2336,1619
2020-04-03,325,722,5,2175,2272,2408,2426,2479,2379,2318,2278,2224,2851,2379,1709
2020-04-03,333,712,5,2121,2158,2260,2266,2389,2310,2230,2154,2164,2821,2364,1680
2020-04-03,334,694,5,2182,2192,2336,2352,2460,2371,2332,2244,2242,2865,2417,1704
2020-04-03,335,703,5,2153,2298,2378,2382,2464,2337,2288,2242,2203,2850,2397,1652
2020-04-03,342,714,5,2375,2406,2552,2614,2773,2690,2571,2510,2486,3106,2679,1947
2020-04-03,348,681,5,2093,2038,2238,2286,2396,2293,2238,2150,2146,2820,2440,1685
2020-04-03,348,699,5,2167,1984,2128,2200,2332,2239,2186,2096,2112,2904,2483,1769
2020-04-03,351,730,5,2266,2298,2410,2404,2494,2368,2307,2266,2230,3011,2528,1756
2020-04-03,355,698,5,2259,2370,2464,2476,2564,2477,2391,2314,2313,2919,2625,1824
2020-04-03,358,681,5,2245,2288,2468,2488,2558,2437,2385,2318,2288,2933,2597,1771
2020-04-03,362,746,5,2378,2632,2776,2784,2799,2695,2619,2632,2521,3094,2577,1719
2020-04-03,368,668,5,2149,2282,2402,2416,2476,2402,2319,2230,2234,2978,2437,1537
2020-04-03,369,714,5,2371,2552,2646,2670,2703,2575,2525,2490,2461,3066,2523,1661
2020-04-03,372,701,5,2373,2310,2508,2548,2666,2582,2501,2412,2416,3089,2527,1603
2020-04-03,372,731,5,2405,2432,2566,2546,2617,2518,2468,2380,2390,3100,2560,1692
2020-04-03,374,687,5,2271,2176,2486,2614,2625,2511,2457,2440,2374,3052,2439,1467
2020-04-03,380,675,5,2072,2318,2604,2696,2788,2694,2607,2608,2516,3090,2434,1381
2020-04-03,380,707,5,2365,2410,2576,2588,2658,2562,2503,2456,2394,3103,2516,1558
2020-04-03,380,761,5,2135,2324,2542,2576,2614,2518,2456,2452,2368,2986,2543,1737
2020-04-03,386,726,5,2563,2756,2890,2872,3006,2895,2800,2712,2676,3346,2640,1582
2020-04-03,388,711,5,2429,2554,2734,2714,2811,2697,2623,2564,2509,3228,2539,1508
2020-04-03,393,670,5,1822,1930,2322,2470,2660,2554,2482,2420,2357,2981,2209,1185
2020-04-03,394,701,5,2210,2276,2492,2608,2753,2650,2545,2452,2490,3235,2466,1503
2020-04-03,394,739,5,2436,2652,2814,2908,3024,2898,2825,2756,2737,3388,2626,1601
2020-04-03,397,690,5,1959,2126,2498,2700,2824,2715,2641,2584,2543,3083,2310,1212
2020-04-03,398,759,5,2263,2552,2756,2856,2889,2760,2677,2700,2584,3155,2699,1758
2020-04-03,400,716,5,2146,2310,2540,2654,2754,2682,2626,2530,2513,3220,2434,1490
2020-04-03,407,680,5,1815,1970,2172,2176,2316,2202,2147,2036,2058,2706,1875,994
2020-04-03,410,698,5,1834,2010,2368,2436,2689,2599,2528,2428,2417,3035,1910,1043
2020-04-03,414,735,5,2177,2346,2668,2792,2935,2829,2742,2686,2641,3291,2449,1369
2020-04-03,414,746,5,2314,2242,2456,2546,2681,2559,2496,2396,2410,3230,2535,1619
2020-04-03,415,716,5,1892,2032,2438,2504,2768,2695,2619,2554,2492,3126,2048,1112
2020-04-03,418,701,5,1845,2060,2450,2482,2765,2671,2606,2522,2474,3093,1916,1026
2020-04-03,419,683,5,1782,1948,2360,2430,2718,2620,2544,2504,2433,3002,1696,910
2020-04-03,431,736,5,2021,2158,2422,2518,2647,2571,2480,2416,2384,3078,2347,1322
2020-04-03,434,700,5,1929,2094,2402,2480,2615,2499,2445,2392,2352,3017,2267,1261
2020-04-03,434,717,5,1995,2132,2382,2490,2624,2523,2441,2388,2346,3037,2335,1334
2020-04-03,434,766,5,2366,2320,2454,2492,2663,2555,2490,2352,2392,3145,2536,1686
2020-04-03,438,749,5,2305,2536,2680,2688,2743,2638,2559,2522,2478,3138,2524,1458
2020-04-03,439,685,5,1947,1944,2274,2364,2527,2411,2349,2242,2255,2964,2314,1326
2020-04-03,441,733,5,2322,2504,2624,2600,2651,2535,2463,2422,2393,3100,2343,1283
2020-04-03,443,714,5,2261,2460,2634,2636,2722,2605,2521,2488,2447,3095,2491,1514
2020-04-03,451,767,5,2335,2388,2532,2522,2622,2525,2441,2372,2365,3133,2416,1385
2020-04-03,452,699,5,2352,2310,2420,2394,2526,2418,2356,2242,2266,3065,2503,1725
2020-04-03,458,746,5,2380,2430,2508,2518,2580,2486,2417,2336,2349,3108,2505,1753
2020-04-03,461,716,5,2280,2316,2438,2486,2500,2411,2352,2360,2265,2958,2474,1740
2020-04-03,372,404,6,1358,1478,1656,1808,1870,1760,1699,1682,1633,1798,767,343
2020-04-03,376,408,6,1363,1516,1700,1812,1858,1771,1710,1620,1619,1831,593,256
2020-04-03,379,399,6,1346,1438,1616,1780,1835,1743,1687,1636,1598,1803,745,356
2020-04-03,387,401,6,1346,1428,1606,1762,1797,1713,1658,1610,1571,1815,573,283
2020-04-03,389,409,6,1365,1472,1666,1750,1799,1734,1668,1620,1588,1819,545,241
2020-04-03,398,399,6,1348,1374,1542,1652,1757,1673,1620,1500,1529,1814,547,260
2020-04-03,400,409,6,1357,1446,1562,1618,1696,1598,1561,1498,1484,1805,744,340
2020-04-03,408,392,6,1324,1416,1564,1654,1727,1633,1589,1544,1515,1775,642,315
2020-04-03,409,402,6,1358,1460,1666,1756,1781,1727,1652,1616,1578,1814,650,288
2020-04-03,415,386,6,1339,1380,1566,1660,1679,1601,1562,1520,1486,1789,823,421
2020-04-03,419,396,6,1346,1432,1620,1720,1786,1705,1651,1616,1597,1838,778,363
2020-04-03,420,390,6,1312,1382,1524,1600,1692,1616,1554,1484,1489,1807,722,333
2020-04-03,421,402,6,1406,1498,1594,1614,1665,1572,1520,1494,1449,1804,823,394
2020-04-03,422,384,6,1310,1366,1500,1574,1674,1567,1547,1478,1481,1795,668,320
2020-04-03,431,386,6,1338,1422,1560,1614,1709,1609,1572,1486,1490,1811,781,368
2020-04-03,431,394,6,1405,1460,1570,1636,1695,1627,1568,1486,1498,1850,778,389
2020-04-03,435,377,6,1341,1410,1560,1656,1713,1633,1592,1528,1524,1839,724,329
2020-04-03,438,376,6,1352,1436,1576,1680,1733,1644,1610,1562,1542,1855,792,352
2020-04-03,439,459,6,1582,1656,1810,1898,1962,1875,1835,1750,1744,2100,830,445
2020-04-03,441,379,6,1378,1458,1610,1620,1694,1613,1580,1534,1496,1880,877,418
2020-04-03,441,388,6,1481,1526,1700,1748,1796,1726,1672,1626,1612,1965,701,309
2020-04-03,441,453,6,1505,1448,1758,1712,1923,1831,1782,1694,1716,2104,1009,562
2020-04-03,442,460,6,1524,1636,1832,1896,1975,1865,1823,1762,1744,2083,787,390
2020-04-03,443,446,6,1510,1594,1818,1836,2013,1949,1863,1808,1805,2220,1731,1086
2020-04-03,445,451,6,1484,1540,1740,1816,1939,1846,1791,1734,1722,2147,1206,691
2020-04-03,445,462,6,1513,1598,1784,1880,1958,1868,1814,1750,1736,2067,771,363
2020-04-03,446,371,6,1373,1396,1542,1620,1700,1615,1581,1526,1518,1892,848,394
2020-04-03,448,449,6,1583,1626,1902,1894,2036,1962,1900,1840,1801,2269,1860,1227
2020-04-03,449,379,6,1454,1500,1622,1698,1791,1684,1659,1614,1604,1963,731,326
2020-04-03,450,364,6,1396,1412,1572,1646,1716,1626,1591,1534,1524,1921,833,385
2020-04-03,451,369,6,1433,1524,1672,1744,1768,1682,1648,1586,1565,1962,759,345
2020-04-03,453,462,6,1438,1592,1764,1838,1917,1810,1798,1736,1726,2018,834,435
2020-04-03,454,451,6,1626,1604,1824,1842,2000,1915,1862,1794,1773,2315,1738,1158
2020-04-03,459,454,6,1642,1626,1816,1850,1973,1887,1835,1780,1746,2317,1572,980
2020-04-03,459,463,6,1493,1592,1782,1864,1951,1846,1801,1768,1754,2099,1017,515
2020-04-03,464,462,6,1477,1644,1838,1878,1967,1875,1817,1774,1745,2141,1159,625
2020-04-03,465,457,6,1545,1588,1794,1772,1946,1881,1815,1718,1734,2225,1588,1015
2020-04-03,466,468,6,1618,1626,1820,1876,1959,1873,1827,1792,1749,2214,902,471
2020-04-03,470,461,6,1549,1588,1808,1786,1951,1865,1808,1766,1741,2202,1342,854
2020-04-03,473,473,6,1687,1676,1824,1906,1985,1874,1830,1782,1747,2281,908,471
2020-04-03,477,463,6,1545,1560,1808,1762,1962,1873,1828,1734,1736,2172,1359,927
2020-04-03,478,475,6,1620,1662,1836,1888,1958,1867,1847,1768,1765,2258,1016,516
2020-04-03,481,466,6,1588,1534,1800,1752,1949,1872,1819,1744,1731,2215,1376,916
2020-04-03,483,482,6,1857,1666,1842,1896,1975,1899,1842,1798,1774,2456,1305,722
2020-04-03,487,470,6,1613,1570,1808,1838,1944,1869,1818,1752,1754,2242,1259,765
2020-04-03,487,482,6,1722,1632,1800,1862,1947,1856,1803,1746,1754,2351,1077,564
2020-04-03,488,467,6,1804,1620,1844,1852,1988,1855,1821,1772,1719,2390,1144,734
2020-04-03,491,473,6,1626,1586,1800,1798,1965,1870,1827,1768,1771,2260,1297,778
2020-04-03,493,476,6,1580,1644,1812,1852,1957,1881,1813,1726,1774,2223,1288,818
2020-04-03,499,489,6,1653,1790,2018,2072,2118,2035,1983,1942,1908,2330,1970,1293
2020-04-03,499,499,6,1709,1678,1848,1910,1998,1890,1856,1780,1768,2350,1110,613
2020-04-03,502,478,6,1598,1540,1754,1760,1932,1863,1804,1742,1714,2236,1165,757
2020-04-03,507,489,6,1617,1784,2012,2026,2070,1982,1913,1930,1824,2280,1666,1016
2020-04-03,512,477,6,1634,1626,1818,1892,1995,1884,1842,1710,1750,2295,1305,846
2020-04-03,512,484,6,1581,1584,1816,1808,1988,1880,1836,1760,1770,2242,1498,950
2020-04-03,520,482,6,1631,1588,1812,1806,1991,1881,1834,1780,1748,2256,1632,1079
2020-04-03,18,475,7,1614,2022,2768,3550,3554,3604,3610,3782,3583,3430,3830,3141
2020-04-03,34,470,7,1599,1854,2478,3142,3322,3304,3341,3406,3333,3361,3675,2967
2020-04-03,46,470,7,1631,1964,2620,3230,3352,3406,3412,3426,3389,3353,3817,3291
2020-04-03,57,464,7,1568,1738,2436,3060,3214,3238,3261,3296,3264,3320,3629,2947
2020-04-03,72,462,7,1566,1838,2466,3032,3366,3364,3365,3244,3372,3365,3812,3316
2020-04-03,73,601,7,1728,2114,2844,3606,3918,3907,3959,3918,3915,3835,4052,3457
2020-04-03,81,590,7,1574,2032,2788,3606,3608,3643,3686,3890,3654,3461,3764,3259
2020-04-03,86,461,7,1525,1710,2384,3052,3417,3414,3452,3310,3433,3390,3838,3106
2020-04-03,89,575,7,1653,2072,2764,3724,3905,3937,3981,3942,3935,3718,4088,3457
2020-04-03,97,459,7,1538,1926,2692,3406,3564,3588,3637,3610,3573,3400,4045,3421
2020-04-03,98,558,7,1562,1924,2620,3452,3608,3660,3705,3764,3701,3630,3906,3337
2020-04-03,107,548,7,1725,2188,2980,3880,3922,3938,3973,4188,3966,3891,4063,3535
2020-04-03,108,457,7,1608,1882,2604,3354,3558,3610,3655,3608,3614,3530,4044,3440
2020-04-03,115,539,7,1632,1990,2666,3492,3610,3641,3667,3770,3680,3675,3994,3501
2020-04-03,121,455,7,1595,1868,2600,3318,3541,3590,3617,3610,3558,3505,4043,3425
2020-04-03,127,522,7,1570,2004,2656,3466,3596,3667,3706,3726,3675,3552,3891,3318
2020-04-03,133,511,7,1546,1994,2676,3428,3530,3579,3617,3732,3583,3388,3715,3036
2020-04-03,136,453,7,1572,1880,2534,3272,3530,3549,3598,3504,3580,3527,3987,3480
2020-04-03,141,499,7,1666,1968,2630,3420,3600,3651,3696,3746,3659,3659,3663,2924
2020-04-03,147,450,7,1605,1806,2508,3342,3660,3664,3734,3606,3676,3718,4058,3486
2020-04-03,151,436,7,1591,1936,2640,3442,3666,3666,3742,3688,3685,3525,4018,3569
2020-04-03,154,480,7,1702,2166,2868,3772,4023,4074,4102,4062,4021,3890,4088,3403
2020-04-03,158,448,7,1650,1930,2640,3462,3942,3950,3994,3730,3940,3837,4170,3579
2020-04-03,166,422,7,1778,2148,2902,3820,4069,4052,4098,4014,4022,3958,4135,3452
2020-04-03,168,427,7,1811,2340,3132,4006,4081,4070,4098,4252,4027,4034,4184,3631
2020-04-03,169,393,7,1588,2188,2888,3740,3965,3964,3938,3950,3838,3672,3753,3157
2020-04-03,174,378,7,1798,2458,3286,4264,4475,4521,4506,4596,4447,4322,4303,3825
2020-04-03,175,365,7,1701,2018,2758,3504,3770,3743,3790,3754,3760,3750,3756,3343
2020-04-03,176,355,7,1823,2430,3310,4280,4592,4618,4648,4632,4593,4221,4527,4088
2020-04-03,178,313,7,1738,2114,2878,3624,3812,3861,3841,3862,3774,4130,3713,3195
2020-04-03,178,321,7,1730,2248,3032,3934,3988,4003,4034,4216,3942,4214,3881,3375
2020-04-03,178,332,7,1720,2430,3252,4240,4226,4269,4263,4584,4217,4082,4070,3582
2020-04-03,276,368,7,1426,1589,2226,1434,1326,1114,1127,1124,1098,1154,1133,1117
2020-04-03,291,428,7,1370,1500,2129,1348,1278,1126,1138,1129,1105,1168,1143,1137
2020-04-03,301,435,7,1385,1520,2130,1345,1260,1113,1119,1117,1116,1161,1126,1129
2020-04-03,304,396,7,1355,1496,2094,1331,1250,1102,1115,1106,1066,1123,1105,1107
2020-04-03,304,398,7,1353,1488,2104,1321,1250,1093,1106,1108,1077,1124,1102,1100
2020-04-03,308,435,7,1378,1482,2144,1354,1268,1106,1123,1111,1094,1145,1115,1107
2020-04-03,312,413,7,1367,1575,2133,1346,1238,1082,1089,1094,1054,1101,1085,1080
2020-04-03,324,409,7,1407,1626,2233,1391,1280,1080,1086,1088,1061,1078,1073,1060
2020-04-03,340,379,7,1535,1769,2406,1540,1421,1076,1089,1069,1048,1060,1057,1061
2020-04-03,807,825,7,1369,1614,2168,2792,3109,3114,3093,3044,3143,3117,3234,2585
2020-04-03,826,815,7,1384,1756,2330,3116,3337,3333,3386,3362,3365,3256,3425,2679
2020-04-03,843,806,7,1589,1848,2432,3072,3296,3341,3356,3274,3314,3282,3498,2743
2020-04-03,852,802,7,1422,1704,2294,2968,3077,3122,3181,3198,3123,3089,3294,2567
2020-04-03,858,799,7,1358,1686,2286,3022,3091,3135,3168,3304,3147,3046,3293,2506
2020-04-03,871,795,7,1345,1612,2110,2842,3005,3034,3118,2946,3075,3057,3223,2482
2020-04-03,887,790,7,1472,1874,2684,3332,3496,3527,3570,3834,3537,3313,3594,2843
2020-04-03,901,777,7,1430,1724,2344,3106,3301,3409,3414,3406,3397,3355,3530,2944
2020-04-03,907,775,7,1489,1736,2380,3108,3324,3309,3351,3462,3303,3379,3436,2906
2020-04-03,917,770,7,1414,1700,2234,3030,3067,3074,3135,3282,3076,3182,3254,2704
2020-04-03,930,764,7,1377,1582,2148,2876,3195,3210,3283,3096,3249,3276,3442,2848
2020-04-03,939,759,7,1795,2434,3020,3806,3687,3735,3736,3930,3722,3793,3905,3355
2020-04-03,941,774,7,1362,1534,2082,2736,2922,2975,3034,2996,3038,3066,3339,2801
2020-04-03,952,756,7,1422,1676,2270,3038,3199,3195,3250,3262,3223,3183,3435,2872
2020-04-03,970,769,7,1292,1646,2208,3056,3101,3180,3219,3348,3207,3073,3381,2787
2020-04-03,971,747,7,1445,1712,2366,3252,3529,3605,3655,3526,3626,3477,3801,3134
2020-04-03,984,741,7,1373,1678,2294,2934,3178,3194,3235,3318,3211,3316,3559,2968
2020-04-03,984,761,7,1297,1616,2172,2890,3118,3127,3208,3140,3179,3078,3423,2964
2020-04-03,994,737,7,1588,2036,2558,3254,3415,3393,3397,3312,3313,3548,3636,3036
2020-04-03,994,758,7,1308,1742,2280,3222,3427,3539,3586,3400,3469,3127,3607,3109
2020-04-03,1008,732,7,1356,1820,2358,3242,3300,3292,3333,3254,3297,3142,3607,3028
2021-04-28,268,431,1,1389,1445,2050,1374,1508,1229,1224,1195,1185,1599,1219,1203
2021-04-28,269,418,1,1370,1330,1899,1284,1433,1170,1184,1146,1114,1504,1151,1133
2021-04-28,270,401,1,1250,1490,2108,1369,1501,1204,1187,1169,1138,1314,1140,1146
2021-04-28,272,438,1,1292,1455,2036,1341,1462,1188,1197,1176,1155,1449,1171,1155
2021-04-28,273,426,1,1279,1404,1984,1304,1440,1174,1184,1154,1140,1245,1139,1128
2021-04-28,273,429,1,1266,1447,2018,1331,1446,1188,1200,1189,1142,1238,1140,1137
2021-04-28,273,457,1,1402,1456,2114,1374,1527,1231,1225,1217,1189,1727,1244,1234
2021-04-28,274,441,1,1281,1442,2058,1348,1453,1198,1196,1186,1149,1272,1159,1146
2021-04-28,275,414,1,1208,1348,1924,1269,1407,1139,1153,1134,1099,1157,1110,1107
2021-04-28,279,434,1,1269,1422,2024,1321,1447,1177,1187,1166,1143,1135,1136,1130
2021-04-28,282,446,1,1271,1398,1991,1310,1438,1179,1191,1167,1134,1151,1137,1132
2021-04-28,283,456,1,1266,1374,2026,1306,1475,1181,1185,1172,1144,1146,1146,1137
2021-04-28,284,425,1,1242,1380,1968,1291,1420,1161,1174,1146,1118,1114,1112,1101
2021-04-28,287,434,1,1244,1373,1955,1288,1424,1159,1168,1148,1113,1116,1114,1114
2021-04-28,292,444,1,1266,1434,2026,1325,1443,1172,1181,1170,1132,1136,1120,1116
2021-04-28,299,437,1,1244,1364,1946,1289,1425,1161,1164,1152,1120,1108,1100,1098
2021-04-28,306,447,1,1227,1399,2066,1289,1466,1157,1156,1148,1118,1114,1094,1094
2021-04-28,253,370,2,2040,1926,2400,1804,1948,1361,1354,1313,1239,2533,1337,1292
2021-04-28,261,372,2,1744,1974,2584,1908,2045,1357,1345,1275,1178,1226,1139,1123
2021-04-28,261,382,2,1346,1603,2296,1452,1573,1176,1186,1156,1114,1217,1132,1125
2021-04-28,267,370,2,1729,1996,2612,1926,2112,1401,1379,1324,1182,1193,1122,1112
2021-04-28,269,474,2,2187,2142,2776,2242,2543,1797,1779,1652,1452,2351,1401,1327
2021-04-28,270,371,2,1557,1807,2498,1727,1899,1270,1263,1201,1132,1129,1111,1106
2021-04-28,274,374,2,1395,1636,2334,1490,1647,1168,1177,1156,1111,1100,1106,1111
2021-04-28,277,474,2,1627,2034,2714,1992,2310,1564,1537,1454,1280,1248,1179,1144
2021-04-28,278,368,2,1542,1731,2424,1614,1810,1228,1224,1180,1118,1134,1106,1101
2021-04-28,283,478,2,1854,1911,2618,1910,2214,1486,1470,1362,1246,1551,1173,1153
2021-04-28,285,363,2,1950,2150,2630,2088,2186,1486,1472,1378,1229,1239,1100,1088
2021-04-28,288,359,2,2087,2364,2694,2282,2287,1578,1550,1468,1319,1298,1104,1083
2021-04-28,289,473,2,1671,1934,2610,1912,2172,1439,1432,1343,1236,1354,1152,1128
2021-04-28,293,365,2,1497,1714,2362,1562,1723,1206,1214,1167,1130,1107,1095,1098
2021-04-28,295,350,2,1937,2216,2676,2112,2150,1459,1427,1350,1231,1351,1108,1088
2021-04-28,295,470,2,1752,1962,2622,1929,2205,1488,1468,1376,1243,1415,1140,1111
2021-04-28,297,464,2,1531,1713,2454,1637,1920,1284,1281,1249,1161,1232,1124,1111
2021-04-28,303,346,2,1697,1949,2516,1868,2007,1368,1351,1288,1184,1295,1103,1083
2021-04-28,305,343,2,1884,2274,2670,2200,2222,1512,1488,1402,1276,1361,1120,1095
2021-04-28,305,457,2,1556,1753,2472,1712,1967,1333,1323,1245,1168,1190,1108,1098
2021-04-28,310,351,2,1635,2002,2538,1872,1970,1378,1355,1323,1220,1142,1097,1078
2021-04-28,314,456,2,1746,1926,2544,1862,2128,1457,1421,1350,1247,1350,1099,1088
2021-04-28,317,343,2,2190,2366,2746,2282,2373,1665,1639,1548,1368,1524,1123,1082
2021-04-28,321,449,2,1505,1714,2374,1584,1829,1246,1241,1207,1142,1212,1080,1083
2021-04-28,322,349,2,2080,2428,2736,2268,2245,1517,1479,1391,1270,1135,1088,1072
2021-04-28,323,420,2,1275,1466,2154,1361,1539,1172,1169,1152,1114,1104,1082,1081
2021-04-28,324,411,2,1581,1828,2428,1693,1857,1350,1336,1289,1207,1120,1078,1077
2021-04-28,327,398,2,1648,1940,2464,1830,1950,1414,1388,1347,1241,1129,1084,1083
2021-04-28,328,427,2,1492,1581,2318,1516,1786,1230,1231,1183,1138,1143,1081,1080
2021-04-28,328,444,2,1551,1680,2350,1608,1842,1267,1255,1206,1143,1170,1086,1075
2021-04-28,331,436,2,1623,1778,2434,1684,1946,1311,1304,1240,1149,1233,1074,1070
2021-04-28,335,360,2,2166,2384,2730,2192,2219,1520,1491,1359,1280,1210,1100,1086
2021-04-28,335,393,2,1645,1792,2418,1718,1923,1368,1362,1285,1222,1161,1108,1101
2021-04-28,341,367,2,2176,2354,2722,2144,2174,1444,1419,1330,1212,1170,1102,1083
2021-04-28,341,375,2,1929,2230,2692,2100,2155,1436,1410,1317,1202,1141,1099,1084
2021-04-28,86,124,3,2169,2384,2736,3060,3052,3054,3055,3154,3011,2950,3273,3003
2021-04-28,102,142,3,2125,2160,2544,2866,2940,3000,3001,3010,2934,2994,3464,3192
2021-04-28,125,130,3,2644,2958,3504,4148,4243,4300,4314,4396,4219,4166,4561,3840
2021-04-28,146,149,3,2561,2756,3366,4012,4253,4349,4342,4220,4176,4159,4923,3919
2021-04-28,1053,888,3,2229,2404,2722,3210,3385,3423,3486,3468,3477,3397,3776,3499
2021-04-28,1068,898,3,2201,2360,2664,3072,3282,3306,3329,3368,3294,3272,3507,3218
2021-04-28,1069,874,3,2175,2352,2680,3146,3215,3257,3307,3344,3288,3276,3488,3234
2021-04-28,1077,913,3,2142,2306,2606,3086,3154,3167,3217,3316,3226,3229,3550,3255
2021-04-28,1080,854,3,2254,2460,2842,3326,3630,3674,3718,3590,3705,3538,4004,3683
2021-04-28,1084,896,3,2257,2570,2920,3448,3409,3436,3520,3640,3511,3410,3740,3413
2021-04-28,1085,874,3,2182,2248,2582,3046,3158,3213,3240,3270,3261,3369,3692,3392
2021-04-28,1089,860,3,2248,2376,2716,3182,3336,3372,3417,3402,3380,3427,3697,3405
2021-04-28,1099,883,3,2201,2212,2520,2980,3110,3148,3195,3178,3181,3294,3522,3234
2021-04-28,1108,861,3,2251,2338,2698,3132,3294,3319,3360,3336,3364,3407,3700,3401
2021-04-28,1108,912,3,2096,2216,2502,2924,2940,2976,3008,3084,3009,3061,3335,3072
2021-04-28,1112,903,3,2176,2288,2664,3014,3213,3206,3276,3188,3253,3225,3536,3228
2021-04-28,1113,841,3,2261,2478,2868,3366,3435,3435,3512,3546,3469,3476,3758,3446
2021-04-28,1120,875,3,2119,2418,2780,3304,3347,3366,3419,3532,3389,3234,3713,3406
2021-04-28,1122,214,3,2237,2386,2892,3394,3540,3576,3621,3562,3524,3533,4106,3711
2021-04-28,1134,853,3,2228,2282,2618,3088,3332,3391,3441,3296,3405,3451,3836,3524
2021-04-28,1134,895,3,2188,2194,2488,2950,3231,3262,3300,3170,3343,3442,3769,3482
2021-04-28,168,957,4,4513,5256,5748,6088,6161,6091,6054,6184,6012,5707,6544,5813
2021-04-28,193,905,4,4231,4400,4864,5328,5538,5445,5419,5332,5304,5433,5849,5183
2021-04-28,194,939,4,4306,4668,5160,5620,5777,5701,5670,5608,5560,5585,6019,5306
2021-04-28,205,890,4,4326,4648,5148,5560,5807,5719,5681,5576,5572,5584,6087,5385
2021-04-28,205,902,4,4571,5052,5520,5960,6089,6011,5969,5964,5851,5785,6415,5673
2021-04-28,207,910,4,4415,4704,5228,5596,5752,5685,5681,5588,5553,5659,6077,5374
2021-04-28,215,879,4,4354,4764,5252,5732,5928,5859,5809,5704,5726,5736,6147,5424
2021-04-28,629,633,4,5495,5852,6112,6332,6554,6414,6337,6228,6258,6191,5504,4332
2021-04-28,635,651,4,5480,5688,5948,6304,6407,6310,6271,6248,6160,6221,5700,4604
2021-04-28,635,661,4,5477,5708,6008,6348,6453,6367,6302,6312,6214,6238,5744,4625
2021-04-28,642,681,4,5297,5696,5940,6196,6292,6193,6124,6216,6087,6098,5662,4626
2021-04-28,644,695,4,5388,5572,5852,6176,6416,6333,6278,6208,6214,6175,5735,4569
2021-04-28,650,716,4,5603,5976,6208,6492,6602,6514,6447,6484,6354,6346,5746,4399
2021-04-28,652,673,4,5267,5564,5864,6124,6328,6214,6153,6080,6064,6087,5834,4797
2021-04-28,657,638,4,5587,5840,6184,6492,6565,6477,6449,6508,6339,6363,5937,4775
2021-04-28,663,684,4,5568,5772,6108,6400,6583,6477,6458,6472,6366,6402,5834,4593
2021-04-28,666,651,4,5343,5716,6008,6340,6448,6381,6319,6384,6247,6190,5860,4791
2021-04-28,666,692,4,5750,6052,6416,6692,6840,6755,6704,6672,6611,6571,5972,4603
2021-04-28,668,712,4,5557,5684,6024,6316,6537,6417,6400,6328,6319,6387,5838,4612
2021-04-28,681,664,4,5451,5604,5960,6296,6447,6343,6307,6272,6217,6299,5869,4773
2021-04-28,682,709,4,5460,5644,5996,6288,6432,6325,6291,6288,6185,6218,5836,4714
2021-04-28,292,623,5,2738,2942,3192,3336,3411,3360,3338,3230,3213,3240,3062,2062
2021-04-28,295,593,5,2711,2922,3198,3342,3394,3355,3303,3266,3194,3203,2814,1929
2021-04-28,311,624,5,2758,2918,3220,3320,3437,3362,3320,3264,3248,3239,3308,2152
2021-04-28,312,593,5,2739,2882,3132,3294,3367,3297,3244,3208,3130,3168,2271,1528
2021-04-28,329,593,5,2753,2930,3166,3310,3417,3365,3311,3226,3228,3209,2148,1486
2021-04-28,367,324,5,2975,3038,3344,3522,3618,3523,3480,3408,3370,3495,2984,1676
2021-04-28,369,305,5,3074,3190,3470,3620,3764,3707,3663,3520,3532,3583,3132,1735
2021-04-28,377,270,5,3353,3484,3796,3962,4105,4076,3994,3920,3887,3966,3326,1839
2021-04-28,380,340,5,3541,3588,3776,3954,4178,4091,4011,3820,3901,3943,3373,1978
2021-04-28,384,320,5,3017,3232,3556,3732,3810,3746,3679,3676,3565,3594,2837,1609
2021-04-28,390,278,5,3403,3668,3902,4062,4187,4106,4057,3964,3927,3906,3382,1898
2021-04-28,390,297,5,3195,3482,3712,3856,3955,3893,3835,3732,3729,3670,3181,1803
2021-04-28,394,348,5,3538,3862,4054,4208,4233,4153,4107,4074,3959,3956,3239,1812
2021-04-28,398,333,5,3275,3438,3736,3890,4060,3983,3949,3820,3798,3799,2979,1651
2021-04-28,402,310,5,2872,2974,3300,3446,3619,3505,3459,3340,3339,3430,2877,1619
2021-04-28,409,303,5,2782,2918,3222,3398,3509,3445,3401,3326,3287,3384,2882,1641
2021-04-28,410,286,5,3070,3268,3552,3700,3812,3744,3679,3580,3591,3590,3135,1783
2021-04-28,413,323,5,3061,3266,3552,3712,3850,3792,3712,3636,3601,3626,2886,1627
2021-04-28,416,308,5,2776,3216,3472,3642,3691,3607,3565,3552,3438,3387,2815,1608
2021-04-28,422,279,5,3036,3422,3670,3776,3839,3738,3714,3698,3573,3549,2952,1667
2021-04-28,428,321,5,3112,3296,3576,3778,3847,3759,3710,3662,3571,3667,2970,1648
2021-04-28,432,294,5,3081,3430,3674,3792,3924,3853,3779,3720,3671,3617,2968,1658
2021-04-28,313,476,6,2626,2732,2976,3104,3167,3100,3050,3010,2951,3060,2059,1395
2021-04-28,329,473,6,2588,2694,2868,2950,3010,2928,2919,2896,2834,2866,1897,1372
2021-04-28,341,468,6,2682,2766,2940,3026,3066,3018,2966,2976,2913,2923,1897,1326
2021-04-28,344,448,6,2704,2854,3002,3058,3092,2919,2845,2814,2681,2517,1306,1125
2021-04-28,344,449,6,2707,2852,2992,3066,3099,2936,2862,2850,2713,2588,1346,1135
2021-04-28,348,438,6,2688,2756,2914,3010,3067,2971,2947,2906,2862,2622,1295,1121
2021-04-28,349,411,6,2606,2704,2854,2864,2881,2503,2478,2322,2188,1865,1082,1064
2021-04-28,349,455,6,2731,2774,2938,3044,3119,3037,2994,2962,2942,2906,1797,1295
2021-04-28,349,462,6,2674,2792,2910,3028,3095,3041,2979,2920,2918,2903,1907,1312
2021-04-28,351,435,6,2668,2708,2904,2990,3056,2963,2936,2906,2848,2655,1215,1097
2021-04-28,353,446,6,2715,2830,2946,3032,3109,2936,2908,2834,2748,2754,1213,1123
2021-04-28,354,418,6,2632,2716,2854,2930,2998,2891,2866,2870,2777,2381,1270,1114
2021-04-28,355,428,6,2647,2772,2910,3004,3010,2860,2822,2698,2698,2515,1165,1092
2021-04-28,356,413,6,2615,2720,2848,2910,2975,2804,2773,2744,2634,2385,1149,1092
2021-04-28,356,427,6,2638,2676,2858,2956,3002,2883,2841,2732,2741,2548,1287,1110
2021-04-28,360,441,6,2643,2724,2860,2990,3006,2943,2900,2904,2824,2826,1328,1161
2021-04-28,361,409,6,2662,2784,2906,2988,3045,2957,2937,2864,2828,2623,1235,1103
2021-04-28,370,390,6,2764,2900,3058,3082,3084,3010,2960,2920,2862,2825,1590,1258
2021-04-28,371,420,6,2664,2748,2886,2994,3041,2947,2924,2876,2791,2727,1303,1130
2021-04-28,375,431,6,2606,2662,2804,2910,2967,2911,2885,2842,2814,2842,1456,1172
2021-04-28,378,404,6,2726,2774,2904,3020,3096,3025,2991,2924,2891,2908,2008,1426
2021-04-28,386,412,6,2692,2814,2938,3030,3086,2974,2964,2862,2848,2878,1542,1250
2021-04-28,1015,177,7,2287,2498,3012,3552,3778,3822,3834,3778,3764,3673,4487,3963
2021-04-28,1016,217,7,2333,2590,3026,3386,3529,3546,3627,3592,3582,3460,3873,3592
2021-04-28,1018,251,7,2158,2294,2614,2990,3077,3083,3156,3168,3152,3176,3551,3262
2021-04-28,1018,332,7,2282,2478,2834,3326,3519,3546,3627,3644,3658,3610,4258,3947
2021-04-28,1019,296,7,2284,2474,2928,3352,3476,3503,3525,3496,3456,3456,3816,3484
2021-04-28,1040,909,7,2201,2312,2570,3014,3221,3239,3282,3222,3265,3355,3439,3141
2021-04-28,1043,846,7,2182,2244,2532,2964,3110,3149,3200,3164,3192,3279,3486,3230
2021-04-28,1047,181,7,2218,2378,2848,3320,3381,3430,3465,3468,3390,3410,3895,3509
2021-04-28,1049,234,7,2089,2252,2500,2886,2967,2991,3016,3066,3032,3050,3468,3186
2021-04-28,1049,871,7,2242,2448,2766,3286,3356,3388,3428,3486,3432,3370,3654,3379
2021-04-28,1050,264,7,2206,2376,2820,3236,3412,3453,3483,3416,3437,3357,3800,3474
2021-04-28,1050,279,7,2346,3052,3756,4232,4084,3983,4041,4484,3974,3564,4133,3661
2021-04-28,1050,311,7,2273,2368,2720,3152,3296,3310,3331,3348,3314,3418,3638,3334
2021-04-28,1056,893,7,2229,2382,2668,3150,3217,3241,3309,3346,3314,3322,3588,3278
2021-04-28,1058,822,7,2261,2594,2952,3566,3741,3747,3788,3800,3789,3489,3940,3596
2021-04-28,1065,857,7,2153,2172,2526,2886,3115,3138,3195,3092,3193,3244,3432,3176
2021-04-28,1066,930,7,2184,2440,2742,3184,3320,3358,3380,3288,3300,3239,3588,3313
2021-04-28,1069,875,7,2170,2444,2786,3256,3240,3296,3347,3500,3334,3273,3510,3257
2021-04-28,1076,906,7,2180,2400,2708,3202,3260,3286,3305,3374,3273,3303,3461,3161
2021-04-28,1079,855,7,2256,2400,2870,3308,3476,3535,3578,3558,3575,3518,3893,3572
2021-04-28,1084,875,7,2193,2294,2592,3038,3127,3172,3205,3284,3235,3366,3662,3375
2021-04-28,1087,833,7,2273,2502,2880,3456,3482,3505,3544,3674,3521,3500,3743,3440
2021-04-28,1088,889,7,2322,2508,2902,3412,3438,3506,3502,3656,3502,3607,3837,3434
2021-04-28,1095,852,7,2251,2358,2738,3214,3396,3404,3475,3414,3455,3466,3771,3466
2021-04-28,1100,900,7,2142,2406,2754,3144,3234,3266,3292,3338,3273,3206,3571,3276
2021-04-28,1103,871,7,2063,2190,2488,2920,3003,3048,3092,3108,3097,3100,3494,3206
2021-04-28,1103,930,7,2193,2350,2694,3136,3243,3244,3280,3276,3256,3261,3548,3241
2022-04-28,266,430,1,1822,2021,2320,1485,1413,1154,1166,1155,1115,1534,1098,1093
2022-04-28,266,440,1,1844,1968,2318,1494,1447,1196,1216,1144,1164,1583,1174,1184
2022-04-28,267,425,1,1752,1988,2324,1460,1411,1155,1176,1143,1118,1452,1105,1107
2022-04-28,268,402,1,1980,2140,2528,1574,1488,1143,1165,1131,1101,1127,1071,1074
2022-04-28,268,413,1,1899,2030,2388,1530,1444,1162,1179,1152,1125,1301,1103,1094
2022-04-28,268,416,1,1786,2018,2354,1509,1404,1166,1174,1144,1126,1332,1111,1106
2022-04-28,268,417,1,1760,1984,2346,1518,1407,1162,1171,1138,1129,1340,1107,1110
2022-04-28,268,422,1,1692,1992,2354,1486,1397,1145,1150,1137,1119,1348,1109,1101
2022-04-28,268,448,1,1781,1978,2346,1578,1593,1269,1287,1142,1201,1486,1267,1247
2022-04-28,269,398,1,1846,2068,2452,1560,1438,1124,1139,1118,1089,1066,1059,1068
2022-04-28,270,419,1,1693,2012,2350,1450,1388,1159,1164,1116,1120,1227,1099,1093
2022-04-28,270,455,1,1687,1926,2290,1452,1359,1136,1150,1129,1113,1397,1110,1105
2022-04-28,271,403,1,1816,1934,2276,1443,1350,1111,1130,1121,1084,1090,1061,1055
2022-04-28,272,403,1,1761,1914,2224,1417,1335,1107,1127,1115,1086,1087,1062,1055
2022-04-28,272,408,1,1830,2046,2404,1473,1397,1129,1157,1112,1096,1118,1069,1079
2022-04-28,274,405,1,1697,1940,2274,1411,1307,1112,1121,1100,1076,1083,1061,1058
2022-04-28,274,421,1,1739,2019,2364,1476,1366,1131,1139,1126,1094,1085,1060,1068
2022-04-28,274,462,1,1621,1919,2284,1402,1302,1107,1128,1103,1086,1116,1070,1070
2022-04-28,277,408,1,1672,1955,2314,1427,1310,1101,1113,1100,1077,1078,1057,1044
2022-04-28,277,409,1,1683,1962,2282,1423,1312,1102,1114,1096,1073,1076,1056,1049
2022-04-28,278,464,1,1602,1850,2200,1399,1318,1111,1112,1108,1079,1080,1054,1056
2022-04-28,280,467,1,1599,1861,2212,1409,1315,1104,1128,1106,1078,1073,1060,1062
2022-04-28,281,409,1,1683,2021,2362,1421,1323,1110,1117,1093,1072,1074,1059,1054
2022-04-28,284,402,1,1719,2016,2366,1570,1519,1367,1344,1210,1303,1094,1231,1205
2022-04-28,288,382,1,1697,1959,2350,1553,1456,1095,1104,1084,1051,1043,1036,1045
2022-04-28,289,400,1,1709,2060,2386,1472,1345,1108,1127,1098,1072,1070,1044,1052
2022-04-28,292,375,1,1586,1776,2224,1492,1485,1096,1092,1090,1061,1044,1042,1034
2022-04-28,292,379,1,1580,1752,2162,1432,1455,1093,1096,1084,1053,1040,1043,1043
2022-04-28,292,380,1,1589,1740,2158,1452,1445,1090,1105,1084,1060,1039,1043,1043
2022-04-28,293,370,1,1592,1839,2274,1556,1534,1106,1124,1088,1063,1050,1038,1033
2022-04-28,293,371,1,1588,1836,2288,1548,1518,1102,1120,1089,1064,1049,1038,1033
2022-04-28,295,378,1,1538,1716,2150,1439,1481,1102,1103,1090,1059,1041,1037,1047
2022-04-28,296,381,1,1583,1794,2186,1456,1462,1100,1110,1091,1067,1041,1036,1037
2022-04-28,311,393,1,1612,1794,2130,1432,1388,1092,1111,1091,1072,1050,1036,1041
2022-04-28,312,388,1,1603,1798,2120,1436,1433,1104,1110,1108,1066,1050,1035,1044
2022-04-28,317,373,1,1525,1726,2300,1530,1657,1137,1144,1102,1057,1048,1039,1040
2022-04-28,321,375,1,1532,1696,2230,1513,1641,1134,1134,1111,1079,1052,1048,1035
2022-04-28,324,364,1,1615,1850,2418,1672,1807,1195,1185,1145,1078,1059,1052,1025
2022-04-28,254,388,2,2659,2818,3018,2406,2245,1489,1477,1387,1285,1526,1112,1114
2022-04-28,257,389,2,2587,2790,3026,2338,2159,1400,1392,1303,1216,1275,1084,1075
2022-04-28,265,491,2,2451,2588,2834,2360,2211,1461,1443,1370,1221,1687,1143,1153
2022-04-28,267,387,2,2376,2688,2990,2290,2144,1373,1346,1277,1170,1102,1056,1056
2022-04-28,269,490,2,2251,2570,2792,2214,2049,1327,1330,1266,1165,1184,1088,1087
2022-04-28,271,484,2,2009,2374,2676,1842,1665,1136,1136,1122,1105,1162,1077,1069
2022-04-28,273,492,2,2306,2628,2820,2332,2196,1427,1404,1338,1187,1139,1066,1069
2022-04-28,277,383,2,2102,2484,2894,2060,1975,1257,1254,1195,1110,1069,1050,1040
2022-04-28,282,377,2,2110,2416,2820,2002,1910,1245,1235,1174,1117,1075,1043,1046
2022-04-28,282,485,2,2082,2494,2802,1975,1760,1158,1161,1132,1080,1073,1053,1051
2022-04-28,282,492,2,2364,2672,2880,2364,2185,1401,1397,1332,1183,1144,1068,1058
2022-04-28,283,349,2,2647,2856,2992,2492,2378,1674,1637,1498,1382,1424,1091,1067
2022-04-28,283,363,2,2609,2982,3074,2742,2584,1873,1809,1711,1495,1417,1062,1053
2022-04-28,286,326,2,4947,6176,6312,6416,6195,6166,6137,6484,5980,5458,4858,3566
2022-04-28,286,485,2,2163,2530,2854,2020,1810,1166,1181,1130,1078,1084,1052,1044
2022-04-28,289,347,2,2402,2606,2854,2262,2208,1466,1439,1362,1224,1324,1085,1058
2022-04-28,289,477,2,1906,2278,2642,1758,1577,1130,1131,1115,1089,1105,1052,1059
2022-04-28,291,344,2,2702,3012,3092,2750,2612,1880,1821,1696,1511,1646,1108,1063
2022-04-28,291,477,2,2005,2344,2714,1870,1669,1138,1143,1130,1101,1135,1049,1058
2022-04-28,293,471,2,1866,2228,2592,1678,1526,1106,1103,1113,1076,1090,1047,1052
2022-04-28,295,350,2,2281,2532,2820,2336,2298,1509,1466,1410,1215,1174,1066,1043
2022-04-28,295,356,2,1933,2434,2816,2142,2106,1333,1316,1258,1132,1079,1049,1044
2022-04-28,298,467,2,1903,2238,2624,1756,1570,1113,1126,1111,1076,1082,1045,1038
2022-04-28,300,456,2,1752,2066,2458,1556,1389,1091,1100,1100,1068,1058,1043,1042
2022-04-28,301,468,2,2089,2410,2732,1917,1741,1147,1149,1134,1075,1145,1045,1041
2022-04-28,302,356,2,1975,2308,2748,2088,2139,1367,1349,1268,1134,1071,1059,1044
2022-04-28,303,464,2,1979,2348,2722,1854,1664,1126,1142,1118,1070,1106,1037,1035
2022-04-28,305,464,2,2081,2412,2732,1932,1756,1157,1158,1129,1070,1143,1038,1032
2022-04-28,308,356,2,1961,2418,2826,2150,2104,1346,1320,1263,1119,1071,1052,1049
2022-04-28,309,402,2,1878,2180,2498,1636,1464,1124,1124,1105,1072,1052,1033,1036
2022-04-28,310,351,2,2138,2196,2658,2062,2220,1458,1434,1342,1182,1164,1068,1042
2022-04-28,311,355,2,1963,2390,2766,2096,2078,1332,1306,1252,1119,1072,1061,1054
2022-04-28,311,359,2,1882,2200,2636,1916,1932,1251,1235,1188,1089,1066,1053,1049
2022-04-28,315,349,2,2169,2268,2720,2098,2205,1461,1430,1330,1192,1168,1078,1052
2022-04-28,318,348,2,2184,2366,2744,2170,2219,1476,1431,1342,1205,1228,1086,1052
2022-04-28,318,359,2,1794,2138,2572,1852,1880,1233,1216,1196,1101,1061,1059,1046
2022-04-28,321,389,2,1904,2288,2642,1764,1606,1120,1122,1103,1064,1065,1038,1039
2022-04-28,321,397,2,2129,2496,2700,2013,1810,1264,1246,1211,1127,1101,1042,1050
2022-04-28,322,386,2,1908,2336,2622,1820,1658,1128,1130,1115,1069,1061,1036,1029
2022-04-28,322,387,2,1931,2296,2650,1812,1653,1127,1131,1111,1069,1063,1035,1029
2022-04-28,324,388,2,2093,2372,2688,1897,1715,1145,1148,1115,1083,1087,1037,1034
2022-04-28,325,358,2,1785,2224,2574,1908,1888,1259,1246,1206,1129,1070,1054,1039
2022-04-28,328,377,2,1763,2222,2606,1848,1744,1155,1166,1125,1074,1064,1044,1041
2022-04-28,328,383,2,2097,2394,2686,1960,1819,1222,1185,1146,1114,1084,1040,1039
2022-04-28,329,358,2,1910,2202,2556,1897,1921,1284,1273,1227,1135,1076,1061,1037
2022-04-28,329,370,2,1637,2020,2508,1751,1775,1168,1178,1139,1070,1056,1052,1041
2022-04-28,336,358,2,2268,2752,2936,2348,2139,1371,1346,1288,1163,1109,1061,1047
2022-04-28,336,361,2,2234,2648,2864,2292,2097,1365,1336,1265,1171,1081,1059,1042
2022-04-28,80,219,3,2128,2188,2466,2718,2858,2917,2937,2848,2890,3104,3277,3090
2022-04-28,87,109,3,2107,2166,2454,2698,2908,2934,2977,2838,2896,3093,3410,3171
2022-04-28,102,178,3,2131,2296,2524,2766,2833,2863,2901,2880,2843,2878,3172,3060
2022-04-28,107,145,3,2253,2478,2764,3048,3116,3148,3168,3202,3109,3087,3554,3382
2022-04-28,108,170,3,2193,2332,2562,2784,2765,2779,2793,2856,2704,2903,3004,2822
2022-04-28,119,251,3,2448,2786,3286,3846,3909,3967,3998,4100,3879,4124,4102,3561
2022-04-28,122,221,3,2612,2886,3460,4044,4135,4194,4215,4308,4065,4332,4395,3482
2022-04-28,126,104,3,2547,2754,3298,3812,3927,3971,3997,4088,3846,4099,4311,3502
2022-04-28,137,161,3,2494,2566,2946,3272,3682,3737,3777,3482,3658,4244,4212,3625
2022-04-28,1001,299,3,2337,2500,2916,3322,3351,3385,3430,3568,3353,3946,3763,3507
2022-04-28,1019,240,3,2002,2190,2516,2870,2864,2926,2975,3018,3005,2924,3391,3205
2022-04-28,1035,245,3,2015,2266,2572,2898,2922,2975,3039,3136,3013,2944,3367,3174
2022-04-28,1048,249,3,1980,2094,2374,2746,2809,2832,2906,2948,2928,2903,3342,3148
2022-04-28,1055,215,3,1963,2136,2360,2712,2803,2886,2925,2976,2981,2916,3391,3203
2022-04-28,1059,357,3,2142,2426,2838,3530,3754,3810,3913,4010,3998,3887,4894,4732
2022-04-28,1091,290,3,2387,2584,3030,3486,3715,3786,3825,3736,3750,3767,4040,3808
2022-04-28,1095,219,3,2184,2328,2794,3226,3409,3466,3501,3504,3467,3789,4097,3831
2022-04-28,1118,181,3,2135,2350,2720,3084,3187,3231,3269,3252,3204,3271,3515,3262
2022-04-28,491,275,4,5266,4896,5112,5268,5647,5653,5528,5208,5460,5927,4375,2805
2022-04-28,498,249,4,5404,5600,5696,5732,5729,5746,5600,5696,5538,5601,4635,3125
2022-04-28,507,200,4,5932,6532,6648,6700,6750,6690,6660,6780,6476,6418,5179,3884
2022-04-28,508,260,4,5443,5984,6060,6156,6189,6170,6082,6168,5986,5891,4648,3140
2022-04-28,515,199,4,6513,7336,7488,7584,7661,7555,7548,7764,7373,7093,5837,4719
2022-04-28,516,251,4,5485,5484,5596,5676,6022,5958,5884,5688,5759,5897,4580,3039
2022-04-28,597,183,4,5793,6928,6876,6916,6947,6853,6782,6944,6620,5753,5887,4672
2022-04-28,608,177,4,6653,6868,6776,6844,6794,6695,6647,6772,6491,6661,5983,4899
2022-04-28,630,306,4,5892,6604,6500,6600,6391,6372,6278,6500,6080,5939,5548,4595
2022-04-28,636,289,4,6296,6052,6096,6112,6338,6226,6155,6084,6030,6345,5557,4746
2022-04-28,638,217,4,6927,7352,7280,7284,7359,7221,7156,7240,6995,6780,6314,5440
2022-04-28,651,300,4,6082,6568,6528,6572,6589,6438,6449,6612,6266,6190,5631,4480
2022-04-28,653,215,4,6830,7364,7380,7344,7277,7216,7111,7220,6957,6816,6286,5505
2022-04-28,656,273,4,6184,7620,7664,7676,7232,7082,7109,7600,6866,5917,6096,5344
2022-04-28,657,207,4,6589,6996,6908,6900,6907,6818,6764,6884,6559,6618,5972,5076
2022-04-28,675,772,4,4195,4840,5352,5748,5787,5754,5713,5844,5543,5538,5917,5319
2022-04-28,690,762,4,4391,4840,5372,5492,5451,5411,5425,5516,5308,5655,5774,5294
2022-04-28,735,757,4,4112,4460,4972,5468,5564,5548,5550,5528,5359,5635,5773,5204
2022-04-28,737,688,4,6095,6492,6316,6268,6401,6281,6250,6244,6061,5746,5616,4897
2022-04-28,746,670,4,6940,7240,7176,7100,7370,7265,7216,7124,7036,6677,6494,5776
2022-04-28,749,631,4,5340,5728,5736,5728,5672,5607,5530,5716,5366,5668,4575,3226
2022-04-28,749,756,4,3970,4388,4748,5100,4932,4882,4905,5212,4771,5481,5217,4712
2022-04-28,751,603,4,4936,5092,5172,5212,5314,5252,5192,5180,5038,5482,4255,2813
2022-04-28,751,685,4,6885,7048,6812,6876,6870,6764,6668,6756,6504,6821,5978,5394
2022-04-28,752,742,4,4177,4696,5212,5552,5690,5652,5612,5656,5457,5682,5801,5227
2022-04-28,756,707,4,6599,6956,6812,6716,6765,6685,6608,6704,6440,6191,5990,5247
2022-04-28,757,693,4,6418,6612,6532,6420,6355,6261,6208,6316,6022,6403,5576,4968
2022-04-28,758,618,4,5473,5948,5988,5996,5959,5935,5834,6040,5719,5894,4823,3513
2022-04-28,758,639,4,5321,5652,5628,5572,5503,5450,5386,5532,5240,5651,4802,3790
2022-04-28,760,651,4,5381,5488,5560,5528,5577,5509,5450,5508,5300,5741,4756,3553
2022-04-28,761,592,4,6048,6348,6296,6216,6312,6255,6194,6268,6031,6247,5268,4185
2022-04-28,761,665,4,5798,5652,5668,5684,5798,5748,5687,5664,5517,6107,5107,4123
2022-04-28,765,756,4,4119,4724,5228,5684,5723,5640,5659,5696,5471,5653,5821,5234
2022-04-28,768,714,4,5874,6332,6240,6240,6374,6257,6201,6248,6063,6163,5759,5085
2022-04-28,772,656,4,5747,5860,5660,5848,5853,5751,5750,5840,5586,6095,5072,4016
2022-04-28,773,689,4,6086,6272,6196,6116,6156,6074,6004,6048,5838,6268,5450,4644
2022-04-28,775,624,4,5731,5664,5708,5736,5860,5787,5767,5788,5643,6179,4837,3514
2022-04-28,775,644,4,5670,5556,5664,5616,5885,5770,5770,5608,5612,6095,4984,3776
2022-04-28,776,600,4,6128,6040,6040,5984,6141,6071,6034,5984,5904,6412,5327,4356
2022-04-28,777,742,4,4259,4560,5008,5396,5547,5499,5457,5432,5288,5661,5658,5116
2022-04-28,780,704,4,6207,6512,6416,6360,6416,6296,6268,6340,6111,6258,5781,5127
2022-04-28,784,725,4,4203,4752,5196,5620,5635,5610,5605,5640,5416,5569,5789,5274
2022-04-28,785,678,4,6603,6636,6548,6468,6606,6502,6430,6488,6287,6762,5844,5115
2022-04-28,790,610,4,6245,6420,6420,6356,6359,6281,6235,6380,6063,6435,5530,4644
2022-04-28,790,651,4,6428,6744,6660,6656,6682,6602,6542,6640,6401,6648,5886,5028
2022-04-28,790,756,4,4205,4728,5208,5576,5631,5567,5555,5632,5441,5608,5782,5281
2022-04-28,791,609,4,6322,6396,6240,6280,6432,6329,6283,6268,6137,6470,5612,4809
2022-04-28,791,660,4,6595,6876,6772,6736,6785,6663,6614,6700,6471,6721,5940,5178
2022-04-28,791,693,4,6471,6816,6724,6668,6651,6555,6498,6664,6319,6536,5896,5243
2022-04-28,793,631,4,5829,6060,6128,6124,6164,6104,6041,6140,5906,6186,5322,4270
2022-04-28,801,640,4,5717,5792,5836,5860,5958,5887,5815,5864,5689,6115,5071,3884
2022-04-28,801,684,4,6415,6396,6340,6248,6422,6320,6278,6244,6116,6509,5669,4900
2022-04-28,802,728,4,4197,4900,5416,5816,5834,5821,5799,5896,5640,5616,6003,5478
2022-04-28,803,750,4,4326,4740,5180,5540,5614,5567,5509,5600,5374,5720,5743,5184
2022-04-28,804,615,4,6063,5768,5872,5824,6057,5973,5923,5776,5771,6249,5296,4433
2022-04-28,804,652,4,5810,6108,6064,6000,6019,5983,5924,6036,5779,6129,5286,4344
2022-04-28,805,626,4,5745,5704,5736,5736,5871,5771,5720,5676,5562,6080,4995,3830
2022-04-28,807,677,4,5524,5596,5540,5548,5624,5549,5497,5532,5319,5869,4970,4128
2022-04-28,808,700,4,6203,6596,6484,6524,6513,6406,6366,6480,6199,6313,5807,5145
2022-04-28,816,616,4,5870,5904,5852,5852,5887,5782,5745,5816,5623,6085,5178,4332
2022-04-28,816,634,4,5795,5784,5784,5820,5934,5864,5834,5768,5659,6175,4991,3813
2022-04-28,817,693,4,6312,6492,6376,6352,6340,6250,6204,6260,6039,6373,5582,4864
2022-04-28,822,670,4,5758,5376,5356,5360,5599,5500,5437,5336,5333,6092,4993,4069
2022-04-28,823,626,4,5674,5792,5804,5808,5859,5790,5757,5800,5606,6120,4872,3616
2022-04-28,825,639,4,6052,5752,5864,5852,6059,6004,5952,5808,5821,6348,5157,4014
2022-04-28,356,456,5,2752,2814,2906,2950,3004,2970,2932,2870,2814,2879,1260,1073
2022-04-28,360,436,5,2819,2964,2998,3014,3038,2993,2968,2980,2903,2873,1293,1070
2022-04-28,363,466,5,2773,2878,2948,2998,3043,3001,2966,2934,2873,2921,1989,1401
2022-04-28,365,517,5,2927,3114,3230,3304,3299,3239,3210,3200,3134,3107,1861,1324
2022-04-28,368,493,5,2774,2904,2962,3036,3056,2986,2973,2930,2888,2914,1894,1396
2022-04-28,372,563,5,2597,2770,2844,2854,2822,2773,2744,2810,2678,2668,1907,1380
2022-04-28,374,433,5,2734,2830,2852,2886,2910,2869,2855,2830,2754,2743,1225,1078
2022-04-28,374,540,5,2855,3018,3072,3088,3037,2993,2979,3012,2871,2905,1930,1374
2022-04-28,375,458,5,2793,2896,2952,2992,2994,2938,2942,2920,2845,2849,1196,1052
2022-04-28,375,506,5,2888,3098,3144,3236,3228,3188,3129,3062,3024,3027,1507,1186
2022-04-28,377,443,5,2791,2932,2962,3014,3020,2965,2935,2944,2857,2821,1175,1060
2022-04-28,384,461,5,2778,2908,2942,2982,3006,2959,2931,2914,2841,2829,1212,1062
2022-04-28,384,490,5,2842,3146,3242,3270,3253,3197,3174,3194,3067,3001,1812,1314
2022-04-28,390,447,5,2764,2866,2930,2956,2988,2906,2885,2870,2799,2765,1089,1035
2022-04-28,391,517,5,2740,2926,3026,3072,3053,2997,2974,2980,2871,2905,1492,1169
2022-04-28,393,455,5,2771,2920,2950,2974,2981,2918,2877,2880,2786,2772,1077,1025
2022-04-28,397,470,5,2760,2880,2898,2914,2989,2906,2889,2864,2794,2783,1172,1054
2022-04-28,398,534,5,2760,2958,3026,3070,3085,3031,3011,3018,2937,2854,2242,1680
2022-04-28,398,572,5,2750,3098,3142,3162,3127,3063,3038,3094,2957,2846,1966,1382
2022-04-28,401,478,5,2774,2902,2922,2972,2990,2914,2904,2880,2831,2826,1141,1040
2022-04-28,405,500,5,2849,3010,3072,3174,3227,3161,3130,3104,3014,2989,1726,1283
2022-04-28,409,486,5,2768,2904,2954,2960,2986,2935,2907,2920,2825,2812,1156,1034
2022-04-28,416,608,5,2632,2780,2818,2866,2939,2887,2856,2800,2783,2765,2016,1450
2022-04-28,417,471,5,2709,2866,2886,2932,2951,2897,2866,2882,2797,2749,1405,1114
2022-04-28,418,558,5,2788,2900,2992,2982,2999,2951,2928,2942,2846,2859,2058,1457
2022-04-28,420,458,5,2626,2744,2746,2766,2798,2752,2739,2704,2662,2710,1722,1276
2022-04-28,421,535,5,2781,3032,3088,3150,3135,3081,3052,3050,2961,2898,1939,1388
2022-04-28,423,496,5,2783,3004,3050,3126,3093,3018,3002,2996,2898,2843,1459,1180
2022-04-28,430,583,5,2834,3066,3122,3164,3071,3042,3029,3028,2959,2929,2065,1418
2022-04-28,431,488,5,2693,2802,2876,2898,2885,2860,2819,2856,2743,2743,1751,1282
2022-04-28,435,623,5,2788,2916,2918,2928,2939,2913,2891,2862,2846,2822,1397,1115
2022-04-28,442,482,5,2581,2836,2904,2906,2856,2796,2771,2838,2679,2633,1488,1170
2022-04-28,442,600,5,2764,2948,2924,2976,2979,2932,2897,2898,2844,2839,1666,1225
2022-04-28,443,511,5,2728,2770,2882,2828,2878,2853,2829,2808,2746,2772,1666,1235
2022-04-28,443,553,5,2702,2810,2880,2924,2931,2882,2868,2852,2783,2784,1805,1276
2022-04-28,485,475,5,3210,3526,3732,3802,3893,3851,3813,3768,3657,3781,3094,1844
2022-04-28,489,491,5,3036,3200,3382,3496,3608,3587,3531,3446,3416,3557,2900,1702
2022-04-28,492,502,5,2997,3160,3438,3510,3544,3490,3464,3480,3316,3534,3034,1838
2022-04-28,495,518,5,2948,3334,3642,3770,3810,3758,3716,3708,3588,3499,2974,1826
2022-04-28,498,510,5,2798,2946,3206,3280,3413,3372,3338,3272,3195,3494,2895,1852
2022-04-28,499,486,5,3169,3532,3744,3828,3824,3803,3738,3806,3620,3706,2942,1730
2022-04-28,501,494,5,3027,3304,3570,3678,3690,3632,3592,3626,3462,3635,2853,1718
2022-04-28,508,504,5,2867,3112,3406,3512,3590,3558,3516,3436,3400,3554,2849,1754
2022-04-28,509,521,5,2927,3180,3480,3558,3612,3571,3525,3490,3376,3539,2689,1727
2022-04-28,514,497,5,2967,3196,3430,3522,3653,3610,3560,3456,3446,3470,2931,1772
2022-04-28,518,513,5,2887,3330,3618,3702,3720,3665,3632,3662,3509,3534,2882,1828
2022-04-28,523,524,5,2994,3308,3590,3690,3752,3682,3636,3610,3492,3591,2503,1608
2022-04-28,524,517,5,2889,3092,3328,3474,3552,3496,3476,3422,3354,3549,2794,1791
2022-04-28,533,529,5,3067,3458,3702,3818,3808,3759,3696,3752,3576,3670,2817,1832
2022-04-28,538,525,5,3002,3300,3554,3656,3765,3725,3684,3608,3549,3653,2719,1710
2022-04-28,539,541,5,2954,3152,3404,3508,3585,3564,3512,3474,3417,3561,2942,1881
2022-04-28,542,552,5,3026,3372,3576,3548,3637,3598,3567,3532,3432,3509,3034,1957
2022-04-28,544,531,5,3063,3330,3546,3510,3683,3622,3590,3476,3466,3621,2937,1992
2022-04-28,553,536,5,3044,3292,3580,3654,3711,3668,3603,3604,3501,3519,2582,1727
2022-04-28,553,541,5,3006,3308,3580,3700,3704,3701,3630,3622,3520,3548,2874,1846
2022-04-28,553,559,5,2929,3098,3374,3282,3493,3432,3402,3344,3264,3396,2568,1758
2022-04-28,561,554,5,2920,3070,3358,3286,3454,3399,3370,3286,3249,3369,2254,1563
2022-04-28,563,567,5,2830,3136,3458,3410,3543,3508,3460,3400,3307,3349,1930,1384
2022-04-28,571,576,5,2870,3158,3488,3414,3586,3550,3504,3426,3367,3365,2175,1505
2022-04-28,573,566,5,2868,3056,3208,3156,3300,3287,3236,3232,3154,3268,2163,1445
2022-04-28,583,579,5,2894,3270,3608,3574,3722,3674,3641,3598,3476,3381,2354,1634
2022-04-28,583,584,5,2902,3232,3586,3534,3697,3669,3609,3590,3481,3417,2175,1526
2022-04-28,292,381,6,1600,1742,2146,1447,1434,1092,1108,1083,1062,1039,1042,1046
2022-04-28,300,479,6,2752,3038,3138,3092,2985,2709,2597,2590,2369,1790,1062,1054
2022-04-28,306,480,6,2800,2952,2996,2992,3040,2941,2912,2892,2805,2507,1169,1068
2022-04-28,312,470,6,2804,3100,3166,3132,3134,2747,2685,2650,2388,2185,1059,1043
2022-04-28,312,477,6,2853,2928,3004,3034,3115,3003,2967,2892,2819,2823,1155,1056
2022-04-28,312,482,6,2737,2970,3004,3042,3053,2994,2945,2974,2865,2816,1319,1109
2022-04-28,314,448,6,2674,2858,2970,2642,2557,1906,1866,1672,1577,1671,1054,1048
2022-04-28,318,467,6,2860,3152,3194,3216,3212,3006,2956,2838,2727,2657,1157,1074
2022-04-28,318,479,6,2825,3040,3138,3200,3218,3091,3055,3062,2932,2870,1227,1087
2022-04-28,319,458,6,2911,3106,3196,3202,3261,3177,3098,3092,2983,2689,1335,1125
2022-04-28,323,455,6,2942,3062,3136,3194,3202,3148,3100,3090,3023,3005,1379,1140
2022-04-28,324,462,6,2866,3080,3138,3174,3218,3082,3013,2990,2858,2855,1165,1065
2022-04-28,325,485,6,2678,2960,3046,3078,3096,3042,3001,2980,2897,2762,1728,1315
2022-04-28,326,414,6,2685,2830,2888,2772,2737,2305,2250,2146,1968,1747,1062,1051
2022-04-28,326,442,6,2880,3034,3078,3114,3150,3096,3062,3050,2990,2870,1465,1158
2022-04-28,326,448,6,2902,3056,3070,3142,3158,3089,3068,3066,2957,2966,1277,1074
2022-04-28,327,430,6,2831,2968,3018,3018,3072,2945,2910,2810,2767,2587,1405,1160
2022-04-28,330,423,6,2810,2908,2970,2996,3015,2941,2897,2910,2802,2532,1114,1041
2022-04-28,330,457,6,2867,3132,3180,3200,3190,3094,3060,3008,2919,2936,1323,1116
2022-04-28,331,409,6,2872,3080,3130,3166,3178,3089,3059,3042,2930,2508,1258,1112
2022-04-28,331,437,6,2825,2878,2946,2982,3025,2971,2938,2898,2843,2855,1641,1244
2022-04-28,331,443,6,2870,3024,3080,3110,3137,3081,3030,3022,2970,2940,1441,1153
2022-04-28,331,449,6,2910,3052,3102,3150,3165,3113,3070,3076,2977,2989,1303,1091
2022-04-28,335,451,6,2916,3030,3114,3192,3210,3151,3113,3104,3030,2995,1308,1098
2022-04-28,336,406,6,3000,3156,3178,3244,3258,3203,3162,3162,3065,3074,1316,1136
2022-04-28,336,420,6,2841,2966,3018,3050,3072,2997,2963,2956,2885,2850,1143,1050
2022-04-28,336,429,6,2806,3004,3018,3040,3065,3013,2983,2992,2888,2833,1312,1100
2022-04-28,336,436,6,2785,2816,2878,2882,2936,2897,2863,2854,2780,2826,1601,1207
2022-04-28,336,445,6,2885,2992,3068,3110,3116,3075,3052,3038,2969,2947,1372,1115
2022-04-28,1058,526,7,2420,2630,3050,3532,3701,3754,3791,3812,3726,4097,3992,3513
2022-04-28,1059,453,7,2481,2654,3014,3598,3706,3799,3869,3996,3942,4443,4683,4570
2022-04-28,1059,493,7,2549,2858,3300,3846,3955,4039,4047,4120,3993,4272,4109,3774
2022-04-28,1062,435,7,2183,2366,2688,3208,3300,3365,3437,3596,3546,3764,4420,4386
2022-04-28,1077,595,7,3114,3728,4054,4300,4316,4295,4269,4328,4155,4192,4611,4109
2022-04-28,1082,461,7,2472,2604,3008,3408,3643,3683,3729,3684,3714,4262,4053,3919
2022-04-28,1083,535,7,2352,2496,2848,3294,3473,3504,3559,3494,3509,3813,3804,3523
2022-04-28,1084,435,7,2036,2230,2524,2930,3064,3112,3190,3306,3305,3586,4080,4253
2022-04-28,1084,485,7,2861,3554,4228,4960,4802,4920,4931,5276,4851,5009,4846,4413
2022-04-28,1088,386,7,2390,2864,3280,3742,3792,3827,3853,3964,3937,4035,4703,4911
2022-04-28,1088,511,7,2643,2780,3232,3696,4075,4128,4163,4084,4129,4613,4357,3944
2022-04-28,1103,548,7,2385,2488,2862,3236,3458,3496,3557,3520,3536,4031,3944,3666
2022-04-28,1111,484,7,2073,2288,2512,2818,2924,2984,3022,3078,3009,3079,3294,3141
2022-04-28,1113,572,7,2691,2924,3470,3980,4089,4051,4125,4196,3975,4565,4041,3577
2022-04-28,1117,430,7,2113,2258,2580,3078,3248,3295,3371,3504,3495,3890,4404,4584
2022-04-28,1118,516,7,2089,2224,2470,2776,2917,2938,3000,2982,2973,3324,3316,3105
2022-04-28,1123,446,7,2419,2818,3348,3922,3981,4027,4055,4168,4006,4036,4115,3877
2022-04-28,1127,543,7,2235,2476,2816,3232,3271,3319,3371,3548,3370,3674,3879,3612
2022-04-28,1136,480,7,2041,2544,2926,3438,3525,3619,3626,3770,3587,3213,3800,3587
2022-04-28,1145,434,7,2153,2438,2726,3178,3172,3201,3238,3410,3207,3351,3378,3217
2022-04-28,1145,552,7,2141,2426,2830,3210,3304,3379,3423,3544,3412,3389,3879,3627
2022-04-28,1148,513,7,2041,2360,2670,3042,3149,3197,3274,3344,3241,3256,3618,3394
2024-01-23,246,392,1,2176,1652,2144,1628,1992,1711,1700,1296,1626,2609,1565,1483
2024-01-23,250,386,1,1395,1610,2018,1370,1299,1110,1121,1105,1090,1308,1115,1111
2024-01-23,252,389,1,1344,1622,2044,1361,1290,1101,1114,1092,1081,1229,1098,1102
2024-01-23,254,396,1,1500,1648,2048,1381,1295,1108,1134,1124,1083,1509,1121,1105
2024-01-23,256,384,1,1416,1568,2036,1340,1274,1076,1104,1079,1061,1123,1084,1087
2024-01-23,259,395,1,1434,1648,2066,1357,1274,1089,1105,1082,1063,1155,1083,1084
2024-01-23,259,405,1,1530,1626,2030,1364,1306,1119,1136,1109,1093,1665,1144,1125
2024-01-23,260,402,1,1428,1650,2026,1352,1279,1097,1128,1103,1082,1330,1101,1093
2024-01-23,261,434,1,1666,1653,2076,1392,1292,1110,1132,1145,1095,1920,1170,1140
2024-01-23,261,442,1,1782,1626,2066,1394,1358,1160,1173,1138,1135,2106,1225,1192
2024-01-23,263,414,1,1562,1559,1968,1342,1303,1153,1157,1138,1131,1794,1199,1161
2024-01-23,263,444,1,1515,1612,2028,1378,1329,1137,1150,1122,1118,1609,1133,1123
2024-01-23,264,409,1,1357,1598,1973,1340,1265,1099,1115,1094,1076,1277,1109,1094
2024-01-23,264,435,1,1443,1598,2002,1371,1290,1118,1136,1118,1095,1438,1109,1116
2024-01-23,265,405,1,1373,1614,2028,1339,1253,1089,1100,1087,1072,1150,1095,1082
2024-01-23,265,429,1,1413,1580,1990,1340,1261,1097,1120,1099,1093,1440,1106,1093
2024-01-23,265,437,1,1429,1610,2010,1360,1277,1101,1124,1108,1085,1391,1107,1104
2024-01-23,265,438,1,1434,1613,2019,1364,1281,1111,1126,1110,1087,1403,1113,1105
2024-01-23,266,419,1,1564,1583,1908,1428,1449,1282,1301,1230,1263,1747,1300,1268
2024-01-23,266,427,1,1422,1586,1995,1324,1262,1101,1109,1089,1092,1399,1103,1096
2024-01-23,268,415,1,1394,1558,1902,1337,1271,1113,1131,1112,1095,1241,1131,1118
2024-01-23,269,410,1,1408,1588,1996,1329,1256,1084,1112,1087,1066,1127,1084,1083
2024-01-23,270,412,1,1388,1592,1984,1317,1258,1085,1099,1083,1068,1131,1084,1081
2024-01-23,270,421,1,1367,1574,1974,1316,1250,1085,1107,1089,1076,1224,1094,1096
2024-01-23,270,435,1,1390,1602,2020,1338,1261,1087,1101,1094,1074,1104,1087,1086
2024-01-23,272,420,1,1362,1564,1954,1320,1250,1089,1110,1077,1077,1166,1092,1090
2024-01-23,282,369,2,1623,1968,2366,1679,1518,1087,1100,1088,1042,1079,1058,1071
2024-01-23,285,348,2,2273,2282,2568,2112,2077,1347,1357,1260,1166,1377,1070,1074
2024-01-23,285,363,2,1921,2172,2454,1884,1731,1144,1172,1120,1078,1110,1061,1057
2024-01-23,294,371,2,1672,1698,2216,1568,1581,1091,1109,1076,1046,1095,1050,1049
2024-01-23,307,372,2,1671,1950,2446,1860,1914,1204,1212,1163,1079,1106,1048,1046
2024-01-23,308,376,2,1571,1868,2440,1790,1820,1156,1171,1136,1067,1072,1046,1038
2024-01-23,308,456,2,1447,1698,2180,1460,1411,1063,1077,1066,1050,1069,1053,1053
2024-01-23,308,459,2,1459,1736,2224,1527,1467,1085,1097,1065,1054,1078,1056,1058
2024-01-23,315,385,2,1619,1902,2464,1810,1799,1137,1147,1124,1056,1060,1047,1055
2024-01-23,317,451,2,1494,1778,2254,1578,1504,1092,1100,1083,1047,1071,1058,1062
2024-01-23,318,386,2,1607,1932,2482,1856,1824,1143,1159,1123,1059,1059,1050,1048
2024-01-23,320,378,2,1634,1770,2388,1806,2034,1284,1297,1227,1091,1073,1048,1054
2024-01-23,324,391,2,1509,1820,2462,1767,1791,1134,1157,1111,1048,1059,1056,1046
2024-01-23,327,393,2,1512,1850,2478,1812,1807,1132,1144,1120,1054,1059,1053,1041
2024-01-23,329,445,2,1540,1768,2288,1665,1660,1114,1135,1105,1064,1083,1062,1056
2024-01-23,330,439,2,1521,1833,2360,1652,1582,1092,1111,1085,1054,1075,1063,1048
2024-01-23,330,441,2,1531,1731,2268,1622,1595,1096,1117,1094,1054,1078,1064,1051
2024-01-23,332,398,2,1605,1928,2456,1846,1789,1133,1147,1118,1058,1065,1052,1053
2024-01-23,333,399,2,1631,1984,2516,1872,1803,1137,1153,1124,1060,1066,1053,1051
2024-01-23,333,433,2,1572,1891,2440,1767,1703,1109,1129,1109,1061,1068,1059,1050
2024-01-23,334,430,2,1597,1916,2454,1772,1718,1113,1136,1112,1060,1066,1059,1055
2024-01-23,335,411,2,1650,2023,2548,1971,1877,1165,1178,1143,1059,1070,1057,1063
2024-01-23,335,412,2,1641,1974,2544,1947,1872,1163,1172,1136,1060,1070,1057,1060
2024-01-23,335,423,2,1609,2006,2526,1874,1785,1133,1154,1118,1057,1063,1059,1043
2024-01-23,851,267,3,2366,2532,2930,3322,3521,3531,3541,3406,3479,3405,3565,3233
2024-01-23,858,228,3,2599,2840,3300,3802,4008,4001,4028,3986,3970,3818,4097,3721
2024-01-23,861,177,3,2956,3178,3746,4344,4531,4550,4551,4468,4447,4432,4677,4196
2024-01-23,875,309,3,2676,2810,3264,3798,3990,4015,4037,3950,3994,4078,4336,3934
2024-01-23,886,117,3,2749,2938,3438,3902,4156,4143,4166,4042,4122,4143,4723,4357
2024-01-23,900,223,3,2699,2928,3398,3898,4045,4029,4049,4016,3952,3876,3928,3556
2024-01-23,903,274,3,2955,3054,3598,4176,4379,4399,4410,4304,4364,4485,4501,4022
2024-01-23,912,157,3,2554,2822,3372,3812,3933,3943,3983,3916,3909,3833,4180,3752
2024-01-23,928,119,3,2563,2688,3110,3634,3888,3896,3943,3806,3921,3944,4542,4159
2024-01-23,936,155,3,2598,2896,3436,4016,4068,4111,4163,4184,4115,4014,4696,4226
2024-01-23,943,215,3,3257,3576,4292,5068,5354,5404,5414,5300,5293,5163,5476,4708
2024-01-23,948,337,3,2673,2898,3382,3874,4157,4188,4216,4024,4178,4164,4397,4033
2024-01-23,967,241,3,2583,2932,3370,3976,4094,4112,4142,4128,4091,3895,4397,3996
2024-01-23,987,158,3,2837,2988,3526,4168,4509,4546,4574,4328,4482,4513,5014,4400
2024-01-23,992,902,3,2616,2874,3356,3980,4061,4085,4142,4176,4072,3918,4254,3870
2024-01-23,995,195,3,2592,2720,3214,3690,3883,3894,3910,3858,3863,3908,4125,3716
2024-01-23,998,107,3,2510,2694,3216,3702,3934,3947,3976,3866,3890,3856,4318,3943
2024-01-23,1000,873,3,2668,2970,3472,4082,4135,4170,4182,4264,4136,4039,4333,3938
2024-01-23,1006,928,3,2495,2512,2870,3314,3601,3583,3647,3478,3612,3698,3880,3536
2024-01-23,1009,862,3,2486,2614,3004,3518,3781,3776,3831,3788,3817,3732,4040,3703
2024-01-23,1014,859,3,2525,2702,3082,3620,3724,3745,3784,3774,3759,3800,3981,3643
2024-01-23,1017,905,3,2462,2594,2920,3450,3575,3584,3632,3668,3627,3661,3797,3473
2024-01-23,1024,936,3,2330,2356,2614,3024,3291,3298,3356,3196,3336,3335,3579,3349
2024-01-23,1026,875,3,2534,2610,2970,3562,3757,3757,3813,3784,3815,3906,4107,3758
2024-01-23,1029,258,3,2490,2688,3068,3498,3629,3643,3668,3676,3656,3635,3975,3637
2024-01-23,1030,821,3,2539,2712,3110,3644,3930,3918,3935,3932,3937,3897,4129,3792
2024-01-23,1039,835,3,2558,2734,3148,3706,3831,3834,3889,3946,3876,3893,4082,3705
2024-01-23,1040,906,3,2435,2584,2994,3512,3635,3644,3682,3696,3676,3701,3849,3505
2024-01-23,1041,857,3,2452,2652,3046,3580,3688,3705,3759,3800,3750,3719,3998,3675
2024-01-23,1042,910,3,2454,2682,3070,3624,3661,3658,3716,3714,3686,3692,3864,3532
2024-01-23,1042,947,3,2412,2510,2840,3232,3378,3383,3412,3280,3371,3448,3725,3513
2024-01-23,1053,833,3,2437,2764,3198,3742,3811,3813,3867,3986,3865,3708,4065,3790
2024-01-23,1057,889,3,2450,2660,3058,3588,3864,3902,3945,3818,3947,3728,4179,3828
2024-01-23,1059,826,3,2528,2524,2890,3410,3835,3822,3868,3708,3903,3873,4148,3819
2024-01-23,1061,859,3,2457,2766,3178,3786,3750,3784,3850,3964,3821,3687,4034,3701
2024-01-23,1067,956,3,2292,2312,2610,3000,3158,3162,3187,3178,3211,3278,3402,3120
2024-01-23,1069,928,3,2400,2584,2914,3368,3560,3547,3600,3486,3541,3529,3879,3600
2024-01-23,1074,841,3,2436,2628,2998,3532,3624,3651,3707,3730,3727,3770,4046,3735
2024-01-23,1077,873,3,2389,2472,2852,3314,3609,3687,3732,3578,3739,3682,4020,3705
2024-01-23,1082,901,3,2443,2802,3220,3832,3825,3863,3919,4038,3891,3752,4107,3741
2024-01-23,1092,923,3,2415,2680,3088,3576,3681,3673,3711,3754,3669,3634,3993,3649
2024-01-23,1092,970,3,2325,2606,3080,3608,3761,3798,3852,3764,3812,3409,4295,3958
2024-01-23,824,510,4,6061,6780,7040,7264,7436,7255,7169,7268,7062,9168,7003,6331
2024-01-23,859,541,4,5764,6488,6844,6884,6775,6626,6574,6860,6476,8635,6133,5222
2024-01-23,870,487,4,5153,5108,5396,5512,5717,5608,5571,5444,5469,5565,5123,4035
2024-01-23,876,516,4,4769,4688,4940,5108,5227,5140,5097,4996,5016,5172,4785,3751
2024-01-23,881,551,4,5041,5428,5604,5812,5803,5687,5648,5712,5561,5407,5297,4302
2024-01-23,898,528,4,4707,4604,4796,4964,5167,5089,5071,4892,4950,5056,4790,3685
2024-01-23,907,645,4,5993,5864,5832,6092,6176,6060,5987,6020,5899,6195,5668,4698
2024-01-23,909,506,4,5448,5204,5356,5540,5701,5599,5570,5488,5491,5734,5283,4267
2024-01-23,913,536,4,5125,4700,4984,5040,5448,5356,5289,5096,5209,5433,5148,4195
2024-01-23,917,565,4,6043,6244,6416,6600,6821,6639,6525,6572,6361,8976,6074,5148
2024-01-23,397,427,5,3583,3902,4144,4284,4315,4232,4177,4192,4051,4018,3771,2436
2024-01-23,398,457,5,5555,5864,6128,6412,6547,6426,6355,6304,6237,6120,5271,4003
2024-01-23,400,379,5,4144,4460,4740,4876,5009,4889,4832,4808,4666,4603,3745,2117
2024-01-23,400,420,5,3555,3724,4108,4376,4479,4395,4333,4216,4184,4200,3658,2003
2024-01-23,401,438,5,3837,4012,4228,4312,4289,4232,4167,4188,4078,4020,4081,3136
2024-01-23,403,370,5,3844,4000,4308,4396,4643,4588,4524,4432,4425,4321,3950,2561
2024-01-23,407,374,5,3982,4212,4520,4640,4757,4705,4665,4636,4491,4489,4018,2575
2024-01-23,408,381,5,4169,4364,4672,4852,4921,4839,4780,4760,4596,4606,3732,2065
2024-01-23,408,408,5,4323,4692,4936,4996,5232,5150,5062,4972,4950,4715,4676,3392
2024-01-23,408,428,5,3666,3796,3940,4094,4148,4058,3997,3920,3907,4054,3724,2491
2024-01-23,410,366,5,3564,3722,4018,4136,4369,4280,4231,4132,4134,4090,3573,2163
2024-01-23,412,385,5,4051,4396,4628,4768,4886,4806,4734,4672,4585,4539,3820,2198
2024-01-23,415,426,5,3658,3822,4084,4332,4475,4404,4315,4212,4193,4154,3803,2211
2024-01-23,416,374,5,3881,4108,4380,4528,4718,4647,4568,4492,4462,4392,4003,2580
2024-01-23,416,414,5,3856,3912,4288,4452,4511,4409,4345,4356,4204,4314,3825,2313
2024-01-23,416,435,5,3868,3884,4040,4236,4349,4244,4188,4078,4084,4159,4046,3019
2024-01-23,417,406,5,4055,4360,4620,4768,4920,4829,4746,4712,4623,4353,4438,3288
2024-01-23,421,366,5,3351,3530,3854,3964,4115,4060,4016,3958,3888,3891,3242,1859
2024-01-23,421,378,5,3876,3916,4256,4444,4643,4583,4540,4344,4401,4417,3893,2390
2024-01-23,422,358,5,3168,3230,3586,3624,3893,3836,3789,3680,3682,3750,3026,1720
2024-01-23,425,386,5,3908,4212,4492,4648,4736,4649,4599,4520,4453,4432,3636,2013
2024-01-23,425,425,5,3523,3664,3976,4248,4365,4279,4217,4136,4087,4139,3677,2051
2024-01-23,426,409,5,4292,4560,4772,4892,5118,5039,4936,4836,4845,4659,4642,3476
2024-01-23,430,416,5,3717,3266,3600,3696,4029,3937,3903,3622,3762,4112,3477,2271
2024-01-23,430,437,5,3937,3946,4140,4188,4297,4217,4161,4074,4078,4254,4048,2986
2024-01-23,431,353,5,3204,3514,3820,3934,4052,4007,3952,3918,3812,3790,3059,1699
2024-01-23,432,366,5,3276,3410,3802,3880,4093,4033,3991,3884,3871,3848,3296,1870
2024-01-23,432,408,5,4254,4276,4584,4800,4981,4880,4810,4724,4664,4620,4255,2875
2024-01-23,433,374,5,3550,3832,4112,4200,4344,4288,4240,4184,4144,4073,3713,2301
2024-01-23,433,379,5,3659,3852,4168,4272,4428,4353,4308,4204,4180,4186,3565,2149
2024-01-23,434,431,5,3533,3776,4108,4228,4378,4303,4247,4144,4082,4024,3710,2182
2024-01-23,439,407,5,4018,4196,4520,4720,4929,4832,4777,4652,4619,4549,3914,2372
2024-01-23,440,362,5,3112,3248,3624,3668,3862,3808,3774,3702,3659,3713,3152,1813
2024-01-23,441,425,5,3470,3626,3990,4260,4421,4342,4274,4196,4143,4116,3614,2017
2024-01-23,442,369,5,3261,3396,3744,3800,3982,3950,3907,3844,3800,3816,3437,2022
2024-01-23,443,347,5,3206,3390,3784,3796,4099,4025,3991,3856,3865,3816,3138,1762
2024-01-23,444,412,5,4030,4032,4416,4580,4828,4731,4669,4532,4529,4467,4081,2627
2024-01-23,445,438,5,3843,3976,4164,4240,4439,4336,4254,4136,4139,4135,4132,3121
2024-01-23,446,378,5,3612,3690,4032,4094,4244,4189,4129,4078,4009,4045,3548,2133
2024-01-23,448,428,5,3331,3492,3856,4064,4288,4209,4164,4060,4008,4010,3593,2029
2024-01-23,449,405,5,3575,3990,4328,4580,4778,4686,4614,4472,4466,4126,3699,2115
2024-01-23,450,361,5,3168,3326,3680,3774,3939,3862,3826,3728,3753,3726,3255,1869
2024-01-23,451,412,5,3899,4042,4248,4452,4602,4532,4463,4288,4361,4422,4216,2985
2024-01-23,310,347,6,2732,2772,2864,2920,3026,2881,2841,2776,2737,2962,1327,1127
2024-01-23,311,337,6,2733,2860,2938,3006,3071,2961,2919,2854,2845,2836,1771,1316
2024-01-23,313,491,6,2552,2622,2814,2766,2874,2428,2428,2264,2104,1612,1103,1082
2024-01-23,316,475,6,2750,2860,2976,3036,3116,2951,2909,2842,2795,2465,1335,1106
2024-01-23,318,345,6,2702,2726,2816,2860,2951,2861,2824,2728,2744,2897,1606,1245
2024-01-23,319,482,6,2771,2842,2976,3068,3127,3021,2981,2898,2896,2747,1440,1130
2024-01-23,320,333,6,2719,2766,2890,2944,3021,2937,2886,2816,2824,2873,1669,1242
2024-01-23,320,495,6,2573,2674,2882,2914,3014,2694,2669,2590,2435,2174,1150,1098
2024-01-23,326,471,6,2727,2786,2932,2964,3095,2923,2868,2818,2741,2619,1470,1214
2024-01-23,326,482,6,2772,2890,2996,3088,3135,3056,3017,2948,2938,2932,1946,1360
2024-01-23,327,344,6,2710,2780,2852,2916,2970,2883,2850,2780,2790,2789,1633,1230
2024-01-23,332,329,6,2682,2754,2842,2920,2985,2906,2887,2808,2801,2816,1725,1278
2024-01-23,333,478,6,2770,2876,3020,3094,3131,3056,3021,2980,2945,2954,2360,1687
2024-01-23,334,464,6,2625,2772,2918,2946,3070,2847,2803,2686,2619,2461,1278,1152
2024-01-23,337,336,6,2691,2732,2848,2910,2961,2898,2863,2810,2795,2796,1803,1291
2024-01-23,343,456,6,1981,2076,2570,2278,2706,2126,2119,1948,1743,1629,1119,1089
2024-01-23,346,321,6,2667,2728,2874,2922,2985,2896,2870,2790,2783,2791,1764,1310
2024-01-23,354,334,6,2706,2770,2860,2948,2993,2918,2900,2842,2822,2808,1864,1341
2024-01-23,363,326,6,2657,2766,2842,2946,3001,2907,2878,2820,2815,2807,1757,1295
2024-01-23,368,335,6,2640,2780,2858,2954,3002,2922,2884,2838,2810,2921,1747,1305
2024-01-23,373,314,6,2653,2750,2898,2966,2991,2911,2892,2846,2814,2890,1770,1281
2024-01-23,374,329,6,2595,2714,2824,2940,2948,2871,2841,2810,2756,2774,1578,1218
2024-01-23,386,314,6,2510,2610,2756,2858,2957,2894,2857,2782,2772,2844,1691,1247
2024-01-23,386,344,6,2586,2654,2824,2956,3046,2939,2909,2826,2796,3172,1419,1142
2024-01-23,388,329,6,2536,2582,2686,2766,2821,2718,2688,2610,2588,3019,1245,1112
2024-01-23,1044,427,7,2560,2722,3202,3814,4011,4046,4133,4128,4188,4250,4862,4597
2024-01-23,1046,354,7,2942,3320,3908,4636,4819,4821,4833,4808,4811,4676,5302,4867
2024-01-23,1048,291,7,3080,3564,4596,5620,5682,5735,5768,6048,5691,5129,5736,5301
2024-01-23,1052,237,7,2447,2584,2930,3324,3503,3502,3543,3530,3543,3553,3929,3600
2024-01-23,1059,205,7,2431,2650,3032,3470,3538,3556,3613,3622,3625,3616,4017,3649
2024-01-23,1080,482,7,3030,3374,4072,4848,5100,5105,5127,5068,5021,4916,5000,4448
2024-01-23,1088,269,7,2955,3116,3642,4236,4686,4686,4672,4296,4581,4567,4668,4174
2024-01-23,1092,362,7,2626,2776,3274,3796,4025,4058,4075,3912,4090,4200,4781,4685
2024-01-23,1100,473,7,2928,3632,4548,5416,5263,5314,5363,5920,5248,4746,5099,4694
2024-01-23,1103,233,7,2970,3216,3858,4584,4869,4879,4898,4804,4809,4733,5165,4592
2024-01-23,1120,244,7,3107,3190,3758,4412,4713,4782,4816,4500,4749,5021,4927,4436
2024-01-23,1126,346,7,2926,3322,3908,4676,4869,4873,4927,4912,4863,4680,5239,4744
2024-01-23,1127,427,7,2818,2964,3552,4340,4698,4734,4811,4752,4846,4748,5311,5117
2024-01-23,1129,465,7,2685,2842,3262,3744,3861,3851,3873,3864,3880,4002,3998,3659
